PremiseId,Year,RateClass,Strata,ICap
1137040001,2016,1,RNH,0.
1138162000,2016,1,RNH,0.
1145037000,2016,1,RHT,0.
1145268000,2016,1,RNH,0.
1268035003,2016,1,RHT,0.
1268123000,2016,1,RNH,0.
1270088000,2016,1,RNH,0.
1271039000,2016,1,RNH,0.
1272064500,2016,2,ND1,0.
1356197000,2016,1,RNH,0.
1358009000,2016,2,ND1,0.
1358102000,2016,2,ND1,0.
1358113000,2016,2,ND1,0.
1358130000,2016,2,ND1,0.
1358131000,2016,2,ND1,0.
1358213000,2016,2,ND1,0.
1358238000,2016,2,ND1,0.
1363037000,2016,1,RNH,0.
1363207000,2016,1,RNH,0.
1364083000,2016,1,RNH,0.
1365039000,2016,2,ND1,0.
1365156000,2016,1,RNH,0.
1366052000,2016,2,ND1,0.
1366141000,2016,2,ND1,0.
1366168000,2016,2,ND1,0.
1366209000,2016,1,RNH,0.
1470007000,2016,2,ND1,0.
1470021000,2016,2,ND1,0.
1470099000,2016,2,ND1,0.
1470110000,2016,2,ND1,0.
1471019000,2016,2,ND1,0.
1471040000,2016,2,ND1,0.
1471047000,2016,2,ND1,0.
1471065000,2016,2,ND1,0.
1471084500,2016,2,ND1,0.
1471099000,2016,2,ND1,0.
1471159000,2016,2,ND1,0.
1471186000,2016,2,ND1,0.
1471196500,2016,2,ND1,0.
1471200000,2016,2,ND1,0.
1472005000,2016,2,ND1,0.
1472190000,2016,2,ND1,0.
1473017000,2016,2,ND1,0.
1473028000,2016,2,ND1,0.
1473055000,2016,2,ND1,0.
1473107000,2016,2,ND1,0.
1473126000,2016,2,ND1,0.
1473154000,2016,2,ND1,0.
1474007000,2016,2,ND1,0.
1474031000,2016,2,ND1,0.
1474130000,2016,2,ND1,0.
1474169000,2016,2,ND1,0.
1474239000,2016,2,ND1,0.
1475288000,2016,2,ND1,0.
1613016200,2014,2,ND3,0.
1631140101,2014,2,ND3,0.
1642005000,2014,2,ND1,0.
1642005000,2015,2,ND1,0.
1644060000,2014,2,ND3,0.
3010092000,2016,1,RNH,0.
3012073001,2016,1,RNH,0.
3150041000,2016,1,RNH,0.
3242056001,2016,1,RNH,0.
3242194000,2016,1,RNH,0.
3330072003,2016,1,RNH,0.
3332239000,2016,1,RNH,0.
3432210000,2016,1,RNH,0.
3442187000,2016,1,RNH,0.
3458162000,2016,1,RNH,0.
3609064100,2016,1,RNH,0.
3619083000,2014,2,ND1,0.
3619084000,2014,2,ND1,0.
3619085000,2014,2,ND2,0.
3619086000,2014,2,ND1,0.
3619087000,2014,2,ND1,0.
3619090000,2014,2,ND1,0.
3619091000,2014,2,ND1,0.
3619092000,2014,2,ND2,0.
3619093000,2014,2,ND2,0.
3619094000,2014,2,ND1,0.
3619095000,2014,2,ND1,0.
3619096000,2014,2,ND1,0.
3619097000,2014,2,ND1,0.
3619098000,2014,2,ND1,0.
3619100000,2014,2,ND1,0.
3619101000,2014,2,ND1,0.
3619102000,2014,2,ND1,0.
3766087000,2016,1,RNH,0.
3766100001,2016,1,RNH,0.
3772015004,2016,1,RNH,0.
3772249000,2016,1,RNH,0.
3863158000,2016,1,RNH,0.
3864165001,2016,1,RNH,0.
3866145000,2016,1,RHT,0.
3867094000,2016,1,RNH,0.
3912036000,2016,1,RNH,0.
3912172002,2016,2,ND3,0.
3912175000,2016,1,RNH,0.
3922009002,2016,1,RNH,0.
5055213001,2016,1,RNH,0.
5057237004,2016,1,RNH,0.
5057249000,2016,1,RNH,0.
5058062004,2016,1,RNH,0.
5061187000,2016,1,RNH,0.
5062020000,2016,1,RNH,0.
5066032000,2016,1,RNH,0.
5068265300,2016,2,ND1,0.
5115261000,2016,1,RNH,0.
5129230001,2016,1,RNH,0.
5321240000,2016,1,RNH,0.
5329078000,2016,1,RNH,0.
5609061201,2014,2,ND1,0.
5609061201,2015,2,ND1,0.
5620029205,2015,2,SD1,0.
5629029800,2014,2,SD2,0.
5629029800,2015,2,SD2,0.
5629029800,2016,2,SD2,0.
5637013004,2014,2,ND2,0.
5637013500,2014,2,ND1,0.
5662070501,2014,2,ND2,0.
5662070501,2015,2,ND2,0.
5684088100,2014,2,ND1,0.
5728145002,2016,1,RNH,0.
5740213001,2016,1,RNH,0.
5815073300,2016,1,RNH,0.
5820027000,2016,1,RHT,0.
5822147001,2016,1,RNH,0.
5863184000,2016,1,RNH,0.
5863185000,2016,2,ND1,0.
5874008000,2016,1,RNH,0.
5874010001,2016,2,ND1,0.
7108040000,2016,1,RNH,0.
7116104000,2016,1,RNH,0.
7145185000,2016,1,RHT,0.
7156039000,2016,1,RNH,0.
7237124501,2016,1,RHT,0.
7325390000,2016,1,RNH,0.
7336100000,2016,1,RNH,0.
7337203000,2016,1,RHT,0.
7362771101,2016,1,RNH,0.
7635026800,2015,2,ND1,0.
7645257303,2014,2,ND1,0.
7647090300,2014,1,RNH,0.
8229035000,2016,1,RNH,0.
8229035200,2016,2,ND1,0.
8284316002,2016,1,RNH,0.
8299117500,2016,1,RNH,0.
8299150000,2016,1,RNH,0.
8302258000,2016,1,RHT,0.
8303085001,2016,1,RNH,0.
8335188001,2016,1,RNH,0.
8335232004,2016,2,ND2,0.
8378197000,2016,1,RNH,0.
8418112002,2016,1,RHT,0.
8423001002,2016,1,RNH,0.
8467018000,2016,1,RNH,0.
8470175000,2016,1,RNH,0.
8473155002,2016,1,RNH,0.
8506006401,2016,1,RNH,0.
211304000500018,2014,2,2130,0.
211304000500018,2015,2,2130,0.
211306216500039,2014,9,75.2,0.
211306216500039,2015,9,75.2,0.
211312019000037,2014,9,28.70,0.
211312019000037,2015,9,28.70,0.
211318176500008,2015,9,11.8,0.
211328137500013,2015,9,9.5,0.
211332039100005,2015,9,82.7,0.
211332039200003,2015,9,58.2,0.
211332071600003,2015,9,136,0.
211332086570001,2015,9,174.7,0.
211336228102003,2014,9,69.9,0.
211336228158005,2014,9,80.1,0.
211336228158005,2015,9,80.1,0.
211342007002026,2015,9,15.4,0.
211352035920008,2014,9,81.1,0.
211352035920008,2015,9,81.1,0.
211356054592002,2015,9,187.6,0.
211356054994000,2015,9,26,0.
211356068599001,2015,9,58.1,0.
211357044500006,2015,9,28.8,0.
211357045000006,2015,9,5.7,0.
211358702010007,2014,9,129.3,0.
211358702010007,2015,9,129.3,0.
211362035500064,2014,9,9.1,0.
211362035500064,2015,9,9.1,0.
211362036206075,2014,9,18.5,0.
211362036206075,2015,9,18.5,0.
211369204000008,2015,2,5005,0.
211372090338052,2014,9,18,0.
211410168500029,2014,9,78.4,0.
211410168500029,2015,9,78.4,0.
211424261300039,2015,9,19.3,0.
211426033600042,2015,9,73.5,0.
211432210889028,2015,9,41.6,0.
211442275815008,2014,9,51.9,0.
211508127200076,2015,9,46.8,0.
211512142200012,2015,9,10.3,0.
211512147200058,2014,2,3202,0.
211512147200058,2015,2,3202,0.
211552020305053,2014,9,61.3,0.
211560054790090,2015,412,14.4,0.
211560054791072,2015,412,109.9,0.
211560110800008,2014,9,115.2,0.
211560110800008,2015,9,115.2,0.
211560139900045,2015,9,54,0.
211560250500038,2015,9,46.7,0.
211560619604059,2014,9,43.20,0.
211560619910027,2014,9,180.00,0.
211562028400012,2014,9,140.5,0.
211562028400012,2015,9,140.5,0.
211562033550033,2015,9,86.4,0.
211562606350019,2015,9,83,0.
211573363400095,2014,9,23.50,0.
211573363400095,2015,9,23.50,0.
211573369211066,2015,9,24,0.
211578166000000,2015,9,116,0.
211579351510001,2015,9,41.6,0.
211579567100019,2015,9,46,0.
211580128416001,2015,9,160.6,0.
211580128417017,2015,9,28,0.
211592033200099,2015,9,36.8,0.
211592034000027,2015,9,105.5,0.
211592258350009,2015,9,60.4,0.
211601079500005,2014,9,48,0.
211601082500000,2014,9,0,0.
211624093025015,2015,9,153.2,0.
211624095002012,2015,9,29,0.
211634040500002,2014,9,168,0.
211634040500002,2015,9,168,0.
211682106760010,2015,9,73.9,0.
211682106770027,2015,9,138.1,0.
211682106772015,2015,9,36.5,0.
211682133400069,2015,9,68.9,0.
211702445700004,2014,9,25.2,0.
211702445700004,2015,9,25.2,0.
211706114502039,2015,9,41.1,0.
211706114519009,2015,9,366,0.
211712142400014,2014,2,900,0.
211712142400014,2015,2,900,0.
211718225881095,2015,9,0,0.
211719046500005,2015,9,12.2,0.
211719048000004,2015,9,17.6,0.
211719048500003,2015,9,25.6,0.
211719049000003,2015,9,40.7,0.
211719049500002,2015,9,157.6,0.
211719050000009,2015,9,43.5,0.
211719050500008,2014,9,11.5,0.
211719050500008,2015,9,11.5,0.
211719068000009,2015,9,5,0.
211726396300001,2014,9,60.8,0.
211726396300001,2015,9,60.8,0.
211730404700004,2015,9,14.80,0.
211731009800132,2014,9,10.60,0.
211731009800132,2015,9,10.60,0.
211731014000017,2015,116,199816,0.
211733127000009,2014,2,316,0.
211733127000009,2015,2,316,0.
211766027710012,2015,9,0,0.
211774095581026,2014,9,21.7,0.
211774095581026,2015,9,21.7,0.
211786059800077,2015,9,146,0.
211794019600017,2014,9,82.9,0.
211794019600017,2015,9,82.9,0.
211806188152008,2015,9,146,0.
211806188154004,2015,9,28.7,0.
211838009502012,2014,9,3.50,0.
211838009502012,2015,9,3.50,0.
211838189222001,2015,9,22.9,0.
212540859500000,2015,9,77.1,0.
212540882700015,2015,9,69.1,0.
212540882900011,2015,9,13.3,0.
212540883100017,2015,9,5,0.
212543554650120,2014,9,33.3,0.
212543554650120,2015,9,33.3,0.
212548032100028,2014,9,40.4,0.
212548032100028,2015,9,40.4,0.
212553651800015,2014,9,32.3,0.
212553651800015,2015,9,32.3,0.
212553651832000,2014,2,3357,0.
212553651832000,2015,2,3357,0.
212555497500055,2014,9,14.40,0.
212555497500055,2015,9,14.40,0.
212557089000007,2015,9,16,0.
212559526500011,2015,9,9.2,0.
212560012000003,2014,9,12.9,0.
212560012000003,2015,9,12.9,0.
212561269400029,2014,9,11,0.
212561269400029,2015,9,11,0.
212562393500007,2014,9,17.6,0.
212562393500007,2015,9,17.6,0.
212572064500012,2015,9,16.8,0.
212572140200009,2015,9,53.9,0.
212574609000003,2014,9,10.6,0.
212574609000003,2015,9,10.6,0.
212574649000047,2014,901,10898,0.
212574649000047,2015,901,10898,0.
212581023000022,2015,9,24.4,0.
212581023100012,2015,9,28.6,0.
212587045500030,2015,2,6514,0.
212591065000020,2014,9,15.9,0.
212591076100017,2014,2,2913,0.
212591076100017,2015,2,2913,0.
212591210498046,2015,9,189.1,0.
212643761281006,2014,9,29.7,0.
212643761281006,2015,9,29.7,0.
212643761301010,2014,9,19.6,0.
212643761301010,2015,9,19.6,0.
212647060000017,2015,9,77.6,0.
212667046700001,2015,9,71,0.
212684330050001,2015,9,47.5,0.
212684548500052,2015,2,7163,0.
212694153000009,2014,9,9.9,0.
212694153000009,2015,9,9.9,0.
212700026000041,2014,9,18.40,0.
212700026000041,2015,9,18.40,0.
212806669000063,2014,9,19.8,0.
212806669000063,2015,9,19.8,0.
212834000020012,2014,9,76.9,0.
212834000020012,2015,9,76.9,0.
233503336700044,2014,9,52.4,0.
233503336700044,2015,9,52.4,0.
233510381020012,2015,2,0,0.
233511017500005,2015,9,23.5,0.
233560333577007,2014,9,116.5,0.
233560333577007,2015,9,116.5,0.
233563888610058,2015,9,120.8,0.
233563888610058,2016,9,120.8,0.
233564004800037,2015,2,1720,0.
233564004810036,2015,9,6.3,0.
233564008900031,2015,2,1695,0.
233564009000062,2015,9,7.3,0.
233564012900035,2015,2,1895,0.
233564013000066,2015,9,6.9,0.
233564016800033,2015,2,2110,0.
233564017000062,2015,9,9,0.
233564020900035,2015,2,2580,0.
233564021000066,2015,9,6,0.
233564024900031,2015,2,3265,0.
233564025000062,2015,9,7.1,0.
233564028900037,2015,2,2059,0.
233564029000076,2015,9,5.9,0.
233564032900031,2015,2,2331,0.
233564033000062,2015,9,7.2,0.
233564036900037,2015,2,1901,0.
233564037000068,2015,9,7,0.
233564040900031,2015,2,1680,0.
233564041000062,2015,9,6.8,0.
233564044900037,2015,2,1438,0.
233564045000068,2015,9,19,0.
233564048900033,2015,2,1733,0.
233564049000064,2015,9,6.9,0.
233564052800038,2015,2,2296,0.
233564053000067,2015,9,6.2,0.
233564056800034,2015,2,1888,0.
233564057000063,2015,9,5,0.
233564060900036,2015,2,1352,0.
233564061000067,2014,9,6.9,0.
233564061000067,2015,9,6.9,0.
233564064900032,2015,2,2046,0.
233564065000063,2015,9,6.9,0.
233564068900038,2015,2,2003,0.
233564069000069,2015,9,5.9,0.
233564072900032,2015,2,1789,0.
233564073000063,2015,9,6.8,0.
233564091800056,2014,2,42,0.
233564091800056,2015,2,42,0.
233564091824031,2014,9,24.5,0.
233564091824031,2015,9,24.5,0.
233564189900016,2015,9,62.8,0.
233564190000012,2015,2,1430,0.
233564196600013,2015,9,6.8,0.
233564196800019,2015,2,1851,0.
233564196900017,2015,9,8.7,0.
233564203600014,2015,2,1683,0.
233564210200014,2015,9,6.4,0.
233564210400010,2015,2,1563,0.
233564210500017,2015,2,3448,0.
233564217400013,2015,2,2043,0.
233564217500010,2015,9,7.4,0.
233564224000012,2015,2,2148,0.
233564224100010,2015,9,5.6,0.
233564224102008,2015,9,8.6,0.
233564224104004,2015,2,478,0.
233564230500013,2015,9,5.9,0.
233564230600011,2015,2,1852,0.
233564237200013,2015,9,5.7,0.
233564237400019,2015,2,1226,0.
233564244000018,2015,2,1921,0.
233564244100016,2015,9,6.5,0.
233564250800012,2015,2,2252,0.
233564250900010,2015,9,6.8,0.
233564257600019,2015,2,1345,0.
233564257700017,2015,9,5.9,0.
233564264200019,2015,2,2292,0.
233564264300017,2015,9,8.1,0.
233564270700010,2015,9,6.9,0.
233564270800018,2015,2,1960,0.
233565124400020,2014,9,23.7,0.
233565124400020,2015,9,23.7,0.
233566020500129,2014,9,27.4,0.
233566020500129,2015,9,27.4,0.
233574511800016,2015,9,8.2,0.
233574512000012,2015,2,1293,0.
233618411700063,2014,51,4915,0.
233627494600009,2014,9,156,0.
233627494600009,2015,9,156,0.
233639367000001,2014,2,4771,0.
233639367006008,2014,2,794,0.
233654090800015,2014,9,12.6,0.
233654090802029,2014,9,52.8,0.
233654090804017,2014,2,3732,0.
233662352050013,2014,2,612,0.
233662352052027,2014,9,60,0.
233663493310001,2015,51,39680,0.
233663674200021,2014,9,48.1,0.
233685186800048,2015,9,46,0.
233685336300006,2014,8,55.5,0.
233685368910003,2014,8,72.3,0.
233685368910003,2015,8,72.3,0.
233685368920002,2014,8,31.2,0.
233685368920002,2015,8,31.2,0.
233687242300021,2014,9,7.4,0.
233687242300021,2015,9,7.4,0.
233688114300032,2014,2,1310,0.
233688114300032,2015,2,1310,0.
233688168100015,2014,9,5.3,0.
233688168100015,2015,9,5.3,0.
233706878100008,2014,9,203.3,0.
233788036210002,2014,8,35.5,0.
233794630810023,2014,9,80.5,0.
233794630810023,2015,9,80.5,0.
233838531500108,2014,1,7235,0.
233842705000002,2014,9,71,0.
233842705000002,2015,9,71,0.
233846511800000,2015,9,96,0.
233858862000031,2015,901,10000,0.
233880875400032,2015,9,80.2,0.
233880875400032,2016,9,80.2,0.
233880966800041,2014,9,17.3,0.
233880966800041,2015,9,17.3,0.
233898120604026,2014,9,20.9,0.
233898120604026,2015,9,20.9,0.
233898140511011,2014,9,69.9,0.
233898828652038,2014,2,2473.00,0.
233898828652038,2015,2,2473.00,0.
233907732904003,2014,9,8.3,0.
252526817000010,2015,9,137.6,0.
252537246500009,2015,9,21.3,0.
252542271100006,2014,9,0,0.
252543162500007,2015,9,86.7,0.
252606447010017,2014,9,41.6,0.
252606447010017,2015,9,41.6,0.
252606476700009,2014,9,71,0.
252609045002006,2015,51,18268,0.
252621036800033,2015,9,125.9,0.
252625232500032,2015,9,8.7,0.
252625233000024,2015,9,12.3,0.
252631010500046,2014,9,92.3,0.
252631010500046,2015,9,92.3,0.
252658636824005,2014,9,157.9,0.
252658636824005,2015,9,157.9,0.
252704076200064,2014,9,10.60,0.
252704076200064,2015,9,10.60,0.
252704904220003,2015,2,1973,0.
252706919902004,2015,9,0,0.
252706931502014,2015,9,18.2,0.
252712879900004,2015,9,26.6,0.
252716718224005,2014,2,2994,0.
252716718224005,2015,2,2994,0.
252716718301019,2014,9,30.9,0.
252716718301019,2015,9,30.9,0.
252716774500041,2015,9,16,0.
252720221800012,2015,9,71,0.
252720221810003,2015,9,71,0.
252824970300016,2015,9,118.7,0.
255524295000021,2014,2,3997,0.
255536027208003,2015,9,20.2,0.
255652318800018,2015,9,23,0.
255652320800022,2015,9,25.7,0.
255670636200067,2015,9,54.3,0.
255679115003009,2015,9,56,0.
255679264904080,2015,9,28.6,0.
255679381715021,2014,1,16421,0.
255704047800015,2015,9,43.2,0.
255719525800014,2014,2,232,0.
255719525800014,2015,2,232,0.
255740445010005,2015,9,17.5,0.
255740450300002,2015,9,47.6,0.
255740456500027,2014,9,66.9,0.
255740456500027,2015,9,66.9,0.
255802242400092,2015,9,12.6,0.
255810412000006,2014,9,9.2,0.
255810412000006,2015,9,9.2,0.
255810417900002,2014,9,14.5,0.
255810417900002,2015,9,14.5,0.
255816055650015,2014,9,46.4,0.
255816055650015,2015,9,46.4,0.
255826464700079,2015,2,6364,0.
255828007450030,2014,1,78540,0.
255828007450030,2015,1,78540,0.
255838216910005,2014,9,74.7,0.
255901352500012,2015,8,11.5,0.
255901530000000,2015,9,40,0.
255901544400055,2014,2,2720,0.
255901544400055,2015,2,2720,0.
255901560000003,2014,9,28,0.
255901560000003,2015,9,28,0.
255901560001001,2014,1,8492,0.
255901560001001,2015,1,8492,0.
255904813156002,2014,9,71.5,0.
255906001710003,2015,9,148.8,0.
255907170400004,2014,8,120,0.
255907170400004,2015,8,120,0.
255922021500019,2014,9,21.4,0.
255922021500019,2015,9,21.4,0.
255948316000043,2014,9,109.3,0.
255948316000043,2015,9,109.3,0.
255952324300007,2014,9,7.6,0.
255952324300007,2015,9,7.6,0.
255952340400005,2014,9,17.2,0.
255952340400005,2015,9,17.2,0.
255953274718008,2014,9,57.8,0.
255954196000004,2014,9,238,0.
255963122500003,2014,58,157.3,0.
255963122500003,2015,58,157.3,0.
255964053000021,2014,9,201.6,0.
255964059260066,2014,9,19.6,0.
255968088000039,2014,9,6.3,0.
255968090500034,2014,9,78.4,0.
255968090502006,2014,9,41.3,0.
255974227000021,2015,9,84.8,0.
266110048402024,2014,9,56.1,0.
266115151002016,2014,1,5796,0.
266115151002016,2015,1,5796,0.
266115202200023,2015,9,6.9,0.
266119054000010,2014,9,88.4,0.
266119054000010,2015,9,88.4,0.
266121246700036,2014,9,15.8,0.
266121246700036,2015,9,15.8,0.
266134101200034,2014,9,9.40,0.
266134101200034,2015,9,9.40,0.
266136198400062,2014,9,60,0.
266142106000010,2014,9,84.8,0.
266142106000010,2015,9,84.8,0.
266202029600021,2015,9,58.4,0.
266202034100009,2015,9,85.3,0.
266202034302019,2014,9,107.3,0.
266202034302019,2015,9,107.3,0.
266202034400011,2014,9,19.2,0.
266202034400011,2015,9,19.2,0.
266202046700069,2015,9,115.2,0.
266202046715034,2015,9,61.9,0.
266203849600001,2015,9,45,0.
266222298201004,2014,9,48,0.
266222298203000,2014,9,41.1,0.
266222298210013,2014,9,168,0.
266222703000009,2014,9,10.7,0.
266222703000009,2015,9,10.7,0.
266240024202005,2015,51,7088,0.
266241541600002,2014,9,84,0.
266241541600002,2015,9,84,0.
266242229800005,2014,1,3994,0.
266242229800005,2015,1,3994,0.
266304221860013,2014,9,34.1,0.
266304221860013,2015,9,34.1,0.
266304221886026,2014,2,5494,0.
266304221886026,2015,2,5494,0.
266310078000009,2014,116,457491,0.
266310078000009,2015,116,457491,0.
266311091640003,2015,9,32.7,0.
266322505331006,2015,29,71.5,0.
266330609100003,2014,9,67.9,0.
266332911400089,2014,9,19.2,0.
266332911400089,2015,9,19.2,0.
266336067600004,2015,2,573,0.
266337143500028,2014,9,24.8,0.
266337143500028,2015,9,24.8,0.
266337234500002,2014,2,902,0.
266337234500002,2015,2,902,0.
266337234602006,2014,2,3226,0.
266337234602006,2015,2,3226,0.
266337235500001,2014,2,2842,0.
266337235500001,2015,2,2842,0.
266337236500000,2014,2,706,0.
266337236500000,2015,2,706,0.
266337237500009,2014,2,947,0.
266337237500009,2015,2,947,0.
266337238500008,2014,2,645,0.
266337238500008,2015,2,645,0.
266340089506017,2015,2,6639,0.
266404019000010,2015,1,7460,0.
266411985600012,2015,9,91.2,0.
266415103502026,2015,2,0,0.
266415103514013,2014,9,51.1,0.
266423017000012,2015,9,17.5,0.
266433324100009,2014,8,99.2,0.
266433553600000,2014,8,39.5,0.
266433553600000,2015,8,39.5,0.
266540752500003,2014,9,26.6,0.
266540752500003,2015,9,26.6,0.
266540753000003,2014,9,29.6,0.
266540753000003,2015,9,29.6,0.
266570454326001,2015,9,22.9,0.
266610933297009,2014,2,1291,0.
266618114411000,2014,9,88.8,0.
266618114411000,2015,9,88.8,0.
266862137800035,2015,9,81.6,0.
266882509300059,2014,9,10.8,0.
266899708500016,2015,2,4112,0.
266912128000010,2015,9,37.5,0.
266912175110001,2014,9,73.7,0.
266912175110001,2015,9,73.7,0.
266912200000086,2014,9,75.6,0.
266912200002017,2014,9,48.3,0.
266918132300007,2014,9,19.8,0.
266918132300007,2015,9,19.8,0.
266932099902002,2014,9,39.20,0.
266932099902002,2015,9,39.20,0.
266934124000141,2015,9,7.5,0.
266980031600010,2015,9,19.3,0.
299011014400003,2015,9,761.2,0.
299011073300003,2015,9,446,0.
299011609000002,2015,9,398,0.
299011609600009,2015,9,255.6,0.
299011610001007,2015,9,440.7,0.
299011611120004,2015,9,67.2,0.
299011800500008,2015,9,355.7,0.
299021905190001,2015,9,256.2,0.
299041018600027,2015,9,21.9,0.
299041018602007,2015,9,80,0.
299041250000019,2014,9,51.7,0.
299041250000019,2015,9,51.7,0.
299041705300014,2015,9,560,0.
299041705300014,2016,9,560,0.
299041906300003,2015,9,600.9,0.
299041906300003,2016,9,600.9,0.
299051908502001,2015,9,484,0.
299051908502001,2016,9,484,0.
299061009600000,2014,50,186.8,0.
299061009600000,2015,50,186.8,0.
299068000100005,2014,2,53.00,0.
299068000100005,2015,2,53.00,0.
299081080200009,2015,9,257.3,0.
299081081700007,2014,9,266.7,0.
299081081700007,2015,9,266.7,0.
299101110000011,2015,9,46.1,0.
299111935000005,2014,9,230.4,0.
299121106811015,2014,9,191.5,0.
299121106811015,2015,9,191.5,0.
299151928000000,2015,50,601.4,0.
299161085100006,2014,51,289647,0.
299161120000005,2015,8,58.4,0.
299161120500004,2015,8,26.1,0.
299161121000004,2015,8,65.3,0.
299161121500003,2015,8,31,0.
299161122500002,2015,8,52,0.
299161123000002,2015,8,28.8,0.
299161123500001,2015,8,44.5,0.
299161124000001,2015,8,50.7,0.
299161124500000,2015,8,32.3,0.
299161125000000,2015,8,38.7,0.
299161125500009,2015,8,53.6,0.
299161127000008,2015,8,38.9,0.
299161127500007,2015,8,26.8,0.
299161128500006,2015,8,62.7,0.
299161129500005,2015,8,45.3,0.
299161130000003,2015,8,49.6,0.
299161130500002,2015,8,24.3,0.
299161132000001,2015,8,34.8,0.
299161133000000,2015,8,49.3,0.
299161136000007,2015,8,36.3,0.
299161136500006,2015,8,48.5,0.
299161137500005,2015,8,30.7,0.
299161138000005,2015,8,29.9,0.
299161138500004,2015,8,44.8,0.
299161139000004,2015,8,45.9,0.
299161140000001,2015,8,48.3,0.
299161140500000,2015,8,19,0.
299161141500009,2015,8,46.9,0.
299161142000009,2015,8,49.9,0.
299161143000008,2015,8,31.6,0.
299161143500007,2015,8,40,0.
299161144000007,2015,8,33.6,0.
299161711502005,2014,8,130,0.
299161711502005,2015,8,130,0.
299161712000009,2014,8,121.9,0.
299161712000009,2015,8,121.9,0.
299161713000008,2014,8,129.1,0.
299161713000008,2015,8,129.1,0.
299161713500007,2014,8,120.8,0.
299161713500007,2015,8,120.8,0.
299161714000007,2014,8,108,0.
299161714000007,2015,8,108,0.
299161714500006,2014,8,126.9,0.
299161714500006,2015,8,126.9,0.
299161715000006,2014,8,114.4,0.
299161715000006,2015,8,114.4,0.
299161715500005,2014,8,84.8,0.
299161715500005,2015,8,84.8,0.
299161716000005,2014,8,121.1,0.
299161716000005,2015,8,121.1,0.
299161716500004,2014,8,125.9,0.
299161716500004,2015,8,125.9,0.
299161717000004,2014,8,122.4,0.
299161717000004,2015,8,122.4,0.
299161911800001,2014,8,62.7,0.
299161911800001,2015,8,62.7,0.
299161912200003,2014,8,74.9,0.
299161912200003,2015,8,74.9,0.
299161912400009,2015,8,48.5,0.
299161912600004,2014,8,33.2,0.
299161912600004,2015,8,33.2,0.
299161912800000,2014,8,42.1,0.
299161912800000,2015,8,42.1,0.
299161913000006,2014,8,32.3,0.
299161913200002,2014,8,53.1,0.
299161913200002,2015,8,53.1,0.
299161913400008,2014,8,24.6,0.
299161913400008,2015,8,24.6,0.
299161913600003,2014,8,37.2,0.
299161914000005,2014,8,90.9,0.
299161914200001,2014,8,90.7,0.
299161914600002,2014,8,62.7,0.
299161914600002,2015,8,62.7,0.
299161914800008,2014,8,43.5,0.
299161915000004,2014,8,47.2,0.
299161915000004,2015,8,47.2,0.
299161915200000,2014,8,37.2,0.
299161915400006,2014,8,34.9,0.
299161915410005,2014,8,16.8,0.
299161915410005,2015,8,16.8,0.
299161915420004,2014,8,21.4,0.
299161915450001,2014,8,21.6,0.
299161915460000,2014,8,27.6,0.
299161915470009,2014,8,28,0.
299161915480008,2014,8,30.7,0.
299161915490007,2014,8,34.4,0.
299161915490007,2015,8,34.4,0.
299161915492003,2014,8,29.5,0.
299161915493001,2014,8,48.4,0.
299161915493001,2015,8,48.4,0.
299161915494009,2014,8,21.2,0.
299171001000008,2015,9,681.3,0.
299171001100014,2015,9,325.9,0.
299171001900009,2014,8,388,0.
299171915014004,2014,12,654962,0.
299171915014004,2015,12,654962,0.
299181008000026,2014,9,154.1,0.
299181602300004,2014,39,1352.2,0.
299181602300004,2015,39,1352.2,0.
299211937610007,2015,9,626.9,0.
301003586500001,2014,2,10145,0.
301027226501004,2015,9,23.8,0.
301039054000108,2014,9,14.9,0.
301043328000001,2014,9,54.1,0.
301045099100019,2014,9,84.7,0.
301045222000094,2015,9,12.6,0.
301047138200008,2014,9,9.2,0.
301047138200008,2015,9,9.2,0.
301047141000080,2014,2,2358,0.
301047141000080,2015,2,2358,0.
301083123600027,2015,9,11.9,0.
301087004510031,2014,9,26.2,0.
301087004510031,2015,9,26.2,0.
301087013500007,2015,9,79.5,0.
301087021701027,2015,9,73.6,0.
301141205606013,2014,9,70.1,0.
301141205606013,2015,9,70.1,0.
301223112200005,2014,9,6.5,0.
301223112200005,2015,9,6.5,0.
301223112300003,2014,1,7941,0.
301223112300003,2015,1,7941,0.
301235673000012,2014,2,4236,0.
301235673000012,2015,2,4236,0.
301235673500003,2014,1,6447,0.
301235673500003,2015,1,6447,0.
301241005500067,2015,2,9118,0.
301241421500030,2014,9,49.2,0.
301241421500030,2015,9,49.2,0.
301243002790014,2014,9,19.3,0.
301243002790014,2015,9,19.3,0.
301255142000104,2014,9,8.6,0.
301255142000104,2015,9,8.6,0.
301255142100029,2014,1,11280,0.
301255142100029,2015,1,11280,0.
301263004804050,2015,9,32.5,0.
301263019710037,2014,9,10.1,0.
301269069500046,2014,9,9.4,0.
301269069500046,2015,9,9.4,0.
301269112000036,2014,9,6.2,0.
301269112000036,2015,9,6.2,0.
301287052581096,2014,9,4.8,0.
301287052581096,2015,9,4.8,0.
301287052582102,2014,9,5.2,0.
301287052582102,2015,9,5.2,0.
301287052800009,2014,1,10867,0.
301287052800009,2015,1,10867,0.
302005470500012,2015,9,30.8,0.
302021023700033,2014,9,12.8,0.
302021023700033,2015,9,12.8,0.
302021073400039,2015,9,45.6,0.
302039005305001,2015,9,324,0.
302039005350015,2015,9,260,0.
302039473000019,2015,9,21.7,0.
302041023530008,2014,9,97.3,0.
302041023530008,2015,9,97.3,0.
302065073500058,2014,2,7511,0.
302103089000035,2015,9,33.2,0.
302103102500102,2014,9,49.9,0.
302103102500102,2015,9,49.9,0.
302103103200090,2014,9,7,0.
302103103200090,2015,9,7,0.
302103107000033,2015,9,9.7,0.
302103147000035,2015,9,10.5,0.
302103188000035,2015,9,12.8,0.
302103189001024,2015,2,5092,0.
302129170300000,2014,9,54.9,0.
302129170300000,2015,9,54.9,0.
302129170604039,2014,1,3928,0.
302129170604039,2015,1,3928,0.
302129697500025,2014,9,65.3,0.
302131128300009,2015,9,133.9,0.
302131146400013,2015,9,141.6,0.
302139067900044,2014,2,2802,0.
302139067900044,2015,2,2802,0.
302141543000050,2014,1,2642,0.
302143102000034,2015,2,2285,0.
302173551000003,2014,9,54.6,0.
302173551000003,2015,9,54.6,0.
302173552000010,2014,9,72.2,0.
302173552000010,2015,9,72.2,0.
302183078310116,2014,9,26.6,0.
302183078310116,2015,9,26.6,0.
302189127300008,2014,8,182,0.
302189127300008,2015,8,182,0.
302195301784016,2015,9,152,0.
302217064100006,2014,9,32.8,0.
302217064100006,2015,9,32.8,0.
302217067204037,2014,2,2746,0.
302217067204037,2015,2,2746,0.
302217067205000,2014,9,32.4,0.
302217067205000,2015,9,32.4,0.
302217067319025,2014,1,3964,0.
302235229200016,2014,9,70.4,0.
302253177400009,2015,40,326,0.
302277156270034,2015,9,147.5,0.
302279085500036,2014,9,20.8,0.
302279085500036,2015,9,20.8,0.
302291056500010,2014,9,5,0.
302291056500010,2015,9,5,0.
302309075204008,2014,9,50.6,0.
302309075205039,2014,2,2847,0.
302343270700064,2015,9,62,0.
302367116600014,2014,2,2651,0.
302367116600014,2015,2,2651,0.
302367117600047,2014,9,12.3,0.
302367117600047,2015,9,12.3,0.
302367131500108,2015,9,10.1,0.
302367132600097,2015,1,2682,0.
302387273000014,2015,9,12.5,0.
302387273500047,2015,2,537,0.
302389152510006,2015,9,51.2,0.
302389152608032,2014,1,9075,0.
302389152608032,2015,1,9075,0.
302411070000017,2015,2,2064,0.
302449678500004,2015,9,9,0.
302451176313120,2014,9,53.5,0.
313017030000042,2015,9,5.3,0.
313021112500002,2014,2,6012,0.
313021112500002,2015,2,6012,0.
313021160500003,2014,9,9.5,0.
313021160500003,2015,9,9.5,0.
313029230500028,2015,9,15.9,0.
313029264000028,2015,9,13.1,0.
313039001581065,2015,9,27.5,0.
313039074700014,2015,9,11.9,0.
313039084082023,2014,2,1621,0.
313039084082023,2015,2,1621,0.
313055227000003,2015,2,2862,0.
313061283000028,2014,2,6904,0.
313061284000001,2014,9,18.7,0.
313061284000001,2015,9,18.7,0.
313061284500000,2014,1,5707,0.
313065251500000,2015,2,3427,0.
313103059000004,2015,9,112.7,0.
313119985000025,2014,2,11524,0.
313119985000025,2015,2,11524,0.
313123000300006,2014,9,8.3,0.
313123000300006,2015,9,8.3,0.
313123000582058,2014,2,997,0.
313123000582058,2015,2,997,0.
313123069200006,2015,9,16.5,0.
313123107500078,2014,2,4346,0.
313123107500078,2015,2,4346,0.
313125013500027,2014,2,6373,0.
313125013500027,2015,2,6373,0.
313125030800046,2014,2,2760,0.
313125030800046,2015,2,2760,0.
313139017000082,2014,9,11.4,0.
313153000510007,2014,117,3289,0.
313153000510007,2015,117,3289,0.
313159028500037,2014,9,17.3,0.
313159028500037,2015,9,17.3,0.
313159032000016,2014,1,7031,0.
313159032000016,2015,1,7031,0.
313159256500055,2014,9,5.8,0.
313159256501004,2014,9,9.7,0.
313159256501004,2015,9,9.7,0.
313179550000016,2015,2,4795,0.
313179550500015,2015,2,1167,0.
313189047100014,2014,9,32,0.
313189047249050,2014,2,1386,0.
313189047249050,2015,2,1386,0.
313189091781099,2015,9,27,0.
313199056001011,2014,2,7203,0.
313199056001011,2015,2,7203,0.
313207000500002,2014,2,3240,0.
313207017003008,2014,2,4414,0.
313237099500142,2015,9,8.3,0.
313243110581053,2014,9,20.5,0.
313243110581053,2015,9,20.5,0.
313243110582077,2014,9,10.4,0.
313243110582077,2015,9,10.4,0.
313243110583091,2014,2,1774,0.
313243110583091,2015,2,1774,0.
313245162200011,2015,9,80.5,0.
313259060000027,2014,2,2031,0.
313259069600074,2015,9,31.1,0.
313265088000006,2014,9,14.6,0.
313265088000006,2015,9,14.6,0.
313309066500056,2015,2,3946,0.
313309145000029,2014,9,16.7,0.
313309189500017,2014,9,41.7,0.
313309189500017,2015,9,41.7,0.
313317152006086,2015,9,9.1,0.
313331133500083,2014,2,1765,0.
313359079800001,2014,9,111.6,0.
313359079800001,2015,9,111.6,0.
313365064000010,2015,9,75.1,0.
313373057500046,2015,9,7.1,0.
313375023500034,2015,2,2938,0.
313407035000016,2014,2,6808,0.
313407035000016,2015,2,6808,0.
313407040000019,2014,9,12.2,0.
313433029500035,2015,9,14.5,0.
313451086000038,2015,9,30.4,0.
313451086500037,2015,9,11.7,0.
313451309500020,2014,2,6605,0.
313451309500020,2015,2,6605,0.
313497007602006,2014,9,102.6,0.
313497007602006,2015,9,102.6,0.
313505026310011,2014,9,25.4,0.
313505026310011,2015,9,25.4,0.
313505030800007,2014,9,20.2,0.
313505030800007,2015,9,20.2,0.
313505031200009,2014,9,22.9,0.
313505031200009,2015,9,22.9,0.
313519155500003,2014,2,6250,0.
313519155500003,2015,2,6250,0.
313519156000003,2014,2,2462,0.
313523156605050,2014,9,18,0.
313523156605050,2015,9,18,0.
313523156900014,2014,9,34,0.
313523156900014,2015,9,34,0.
313525017800077,2014,2,3269,0.
313525017800077,2015,2,3269,0.
313525019000163,2014,1,8283,0.
313525019000163,2015,1,8283,0.
313537302600005,2015,2,2461,0.
313537343500073,2015,2,5401,0.
313541346400018,2014,2,45,0.
313541347500014,2014,2,581,0.
313547189500012,2015,2,2465,0.
313613087581098,2015,9,5.1,0.
313613087582088,2015,2,1648,0.
313637005300026,2014,9,10.4,0.
313637005300026,2015,9,10.4,0.
313637015100002,2015,9,10.4,0.
313637015410005,2015,9,10.2,0.
313649002001044,2015,2,2720,0.
313649002200000,2015,9,12.2,0.
313665228500015,2015,9,7.1,0.
313665245000007,2014,2,3391,0.
313665361000005,2014,2,3114,0.
313665361000005,2015,2,3114,0.
313665499000000,2015,2,1885,0.
313671060000015,2014,2,4529,0.
313673160000002,2015,2,3251,0.
313673188500009,2015,2,3848,0.
313681397000000,2014,9,15.8,0.
313681397000000,2015,9,15.8,0.
313685109500017,2014,9,10,0.
313685109500017,2015,9,10,0.
313685111500039,2014,1,4222,0.
313685111500039,2015,1,4222,0.
313685172500001,2014,2,3862,0.
313695051000106,2014,9,20.9,0.
313695051000106,2015,9,20.9,0.
313695080000101,2014,9,14.5,0.
313695080000101,2015,9,14.5,0.
313701001000038,2014,2,9064,0.
313701001000038,2015,2,9064,0.
313701140001020,2014,9,16.6,0.
313701140001020,2015,9,16.6,0.
313701150000029,2014,2,14858,0.
313701150000029,2015,2,14858,0.
313701180000023,2014,9,8.9,0.
313701180000023,2015,9,8.9,0.
313701200000037,2014,2,2907,0.
313701200000037,2015,2,2907,0.
313747088000144,2014,2,9240,0.
313761002700002,2014,9,8.5,0.
313761002700002,2015,9,8.5,0.
313761044000007,2014,9,9.8,0.
313761044000007,2015,9,9.8,0.
313761044500006,2014,2,1784,0.
313761044500006,2015,2,1784,0.
313787157960018,2014,9,50.4,0.
313821011600021,2014,9,154.4,0.
313853031900016,2014,9,13.9,0.
313853031900016,2015,9,13.9,0.
313853031905015,2014,2,91,0.
313853031905015,2015,2,91,0.
313853033300017,2015,9,136.3,0.
313861096500068,2015,9,14.8,0.
313873081000053,2015,2,5552,0.
313883104220026,2014,9,131.2,0.
314003145500018,2015,2,6544,0.
314007019081047,2015,2,4055,0.
314049190500015,2015,2,3919,0.
314051070200013,2015,9,4.4,0.
314051070300011,2015,2,3219,0.
314053092910009,2015,2,3312,0.
314053092931013,2015,1,7258,0.
314061138602019,2015,9,53.1,0.
314071379100003,2015,2,4200,0.
314071415500034,2015,2,4940,0.
314089096500024,2015,9,56,0.
314089143100000,2015,9,49.1,0.
314089143300006,2015,9,0.4,0.
314127001310004,2015,2,7356,0.
314127095200012,2015,9,5.5,0.
314137646500026,2015,9,36.4,0.
314159534000000,2015,9,68.4,0.
314269077040006,2014,2,2360,0.
314269077040006,2015,2,2360,0.
314269082500028,2015,9,70.6,0.
314269083000028,2015,9,38.2,0.
314269093300012,2015,9,19.4,0.
314269093500025,2015,9,139.2,0.
314269093700021,2015,9,62.2,0.
314269094900018,2015,9,168.2,0.
314269095200004,2015,9,108,0.
314269095300002,2015,9,102.1,0.
314269095400000,2015,9,25.5,0.
314269095500007,2015,9,77.4,0.
314269095800027,2015,9,24,0.
314269095900009,2014,9,135.5,0.
314269096300043,2015,9,74.1,0.
314269096600004,2015,9,162.7,0.
314269096700002,2015,9,61.6,0.
314269096900008,2015,9,83,0.
314269107500011,2015,9,5.9,0.
314269114500012,2014,2,8244,0.
314269130000021,2015,9,28.1,0.
314269130500046,2015,9,11.4,0.
314269131300024,2015,2,378,0.
314307001500008,2014,9,34.8,0.
314311262310008,2015,2,884,0.
314317081000035,2015,2,665,0.
314343184000011,2014,2,386,0.
314349292500040,2014,9,92.2,0.
314361065500040,2015,2,2115,0.
314361065710045,2015,1,15401,0.
314363010000019,2015,2,6205,0.
314365031500117,2015,2,2995,0.
314365095400089,2015,2,3122,0.
314373102615004,2015,1,2781,0.
314377118400020,2014,9,58.4,0.
314399077500004,2015,9,23.2,0.
314399126170007,2014,2,528.00,0.
314399126170007,2015,2,528.00,0.
314405109000051,2014,40,42.9,0.
314417003000020,2015,2,1064,0.
314445091000024,2014,9,10.4,0.
314445091000024,2015,9,10.4,0.
314445091500007,2014,1,8336,0.
314445091500007,2015,1,8336,0.
314497150708005,2014,9,88,0.
314499164500006,2014,2,1843,0.
314499164500006,2015,2,1843,0.
314499165000006,2015,9,16.6,0.
314501125000008,2015,2,8971,0.
314501136500004,2015,2,3151,0.
314509092700088,2014,40,31.9,0.
314509092700088,2015,40,31.9,0.
314537060300011,2014,9,23.6,0.
314547130000038,2015,2,601,0.
314557038000030,2014,9,44,0.
314557038000030,2015,9,44,0.
314557058500091,2014,9,48.6,0.
314557058500091,2015,9,48.6,0.
314577157500024,2014,2,2225,0.
314577157500024,2015,2,2225,0.
314577158000032,2014,2,3106,0.
314577158000032,2015,2,3106,0.
314577158500015,2014,2,171,0.
314577179500010,2014,9,63.5,0.
314577179500010,2015,9,63.5,0.
314583094197015,2015,9,9.6,0.
314583094198013,2015,9,17.3,0.
314619087600001,2015,9,4.6,0.
314619088100001,2015,2,2634,0.
314619088300007,2015,2,4012,0.
314619088600000,2015,2,2340,0.
314643001200045,2014,9,41.1,0.
314643001200045,2015,9,41.1,0.
314643010000006,2015,9,138.7,0.
314667026800000,2015,2,3114,0.
314685556500014,2015,2,1958,0.
314705041300000,2015,8,7.9,0.
314709115000017,2015,9,4.4,0.
314811074300030,2015,9,50,0.
314813132820009,2015,9,2.8,0.
314813132850006,2015,2,3125,0.
314819062000033,2014,9,6.5,0.
314819062000033,2015,9,6.5,0.
314839151200013,2014,9,18,0.
314839151301001,2014,2,1501,0.
314839151303007,2014,2,1,0.
314839151305002,2014,2,1,0.
314839151307008,2014,2,1,0.
314839151309004,2014,2,1,0.
314839151311000,2014,2,1,0.
314839151313006,2014,2,1,0.
314839151315001,2014,2,1,0.
314839151317007,2014,2,1,0.
314839151319003,2014,2,1,0.
314839151321009,2014,2,1,0.
314839151323005,2014,2,1,0.
314839151325000,2014,2,1,0.
314839151327006,2014,2,1,0.
314839151329002,2014,2,1,0.
314839151331008,2014,2,1,0.
314839151333004,2014,2,1,0.
314839151335009,2014,2,1,0.
314839151337005,2014,2,1,0.
314839151339001,2014,2,1,0.
314839151341007,2014,2,1,0.
314839151343003,2014,2,1,0.
314839151345008,2014,2,1,0.
314839151347004,2014,2,1,0.
314839151349000,2014,2,1,0.
314839151351006,2014,2,1,0.
314839151353002,2014,2,1,0.
314839151355007,2014,2,1,0.
314839151357003,2014,2,1,0.
314839151359009,2014,2,1,0.
314839151361005,2014,2,1,0.
314839151363001,2014,2,1,0.
314839151365006,2014,2,1,0.
314839151367002,2014,2,1,0.
314839151369008,2014,2,1,0.
314839151371004,2014,2,1,0.
314839151373000,2014,2,1,0.
314875100000005,2015,9,3.4,0.
314897046101002,2015,2,1063,0.
314899122510007,2014,9,20,0.
314899122510007,2015,9,20,0.
314911115505058,2015,2,2871,0.
314911115800053,2015,9,7.6,0.
314911131581091,2015,2,3765,0.
314911142500080,2015,2,5141,0.
314967101500008,2015,2,8371,0.
314985063703006,2015,9,79.7,0.
325005057500081,2014,2,6413,0.
325005057500081,2015,2,6413,0.
325005058000057,2014,1,8382,0.
325005058000057,2015,1,8382,0.
325005103581002,2015,9,10.1,0.
325011021000091,2015,2,3212,0.
325019042000065,2014,9,36.7,0.
325019042000065,2015,9,36.7,0.
325019045500087,2014,9,58.4,0.
325027050500009,2014,2,9198,0.
325029002000153,2014,1,13991,0.
325029002000153,2015,1,13991,0.
325029900000016,2014,9,13.7,0.
325029900000016,2015,9,13.7,0.
325043001081080,2014,2,5317,0.
325043023500109,2014,2,2904,0.
325043023500109,2015,2,2904,0.
325051069200005,2015,9,189.3,0.
325055062000080,2015,9,8.3,0.
325075084500040,2014,2,6998,0.
325075084500040,2015,2,6998,0.
325075085000024,2014,9,30.7,0.
325075085000024,2015,9,30.7,0.
325075086700028,2014,9,35.6,0.
325083055413060,2014,9,37,0.
325087036500002,2014,2,3982,0.
325091096500019,2015,9,14,0.
325097018282032,2014,1,7356,0.
325097900575022,2014,9,23.1,0.
325109092000089,2015,9,5.3,0.
325113042200047,2015,9,28,0.
325115082500038,2014,9,8.4,0.
325115083000087,2014,2,4878,0.
325117000500025,2014,9,8.1,0.
325119001000021,2014,9,11.1,0.
325123039300023,2015,9,47.7,0.
325143000581013,2014,2,5505.00,0.
325143000581013,2015,2,5505.00,0.
325145013000048,2014,2,5297,0.
325145047000097,2015,2,5791,0.
325145047600029,2015,2,2314,0.
325175065000000,2014,9,5.8,0.
325175065200014,2014,2,178,0.
325175066800010,2014,2,4719,0.
325177001081003,2014,2,6871,0.
325177001082019,2014,2,1003,0.
325207095100003,2014,9,10.1,0.
325207095100003,2015,9,10.1,0.
325211001014050,2015,2,319,0.
325211001015024,2015,2,680,0.
325211001016055,2015,2,2583,0.
325211001018069,2015,2,780,0.
325211001019018,2015,2,1886,0.
325211001020032,2015,2,1256,0.
325211001021048,2015,2,1485,0.
325211001022038,2015,2,1065,0.
325211001023036,2015,2,941,0.
325211001023036,2016,2,941,0.
325211001024083,2015,2,461,0.
325211001026021,2015,2,1951,0.
325211001028076,2015,2,309,0.
325211001029025,2015,2,953,0.
325211001030031,2015,2,340,0.
325211001031013,2015,2,748,0.
325211001032045,2015,2,671,0.
325211001034041,2015,2,334,0.
325211001035030,2015,2,399,0.
325211001036038,2015,2,973,0.
325211001037036,2015,2,257,0.
325211001038042,2015,2,1383,0.
325211001039040,2015,2,921,0.
325211001040022,2015,2,1001,0.
325211001041046,2015,2,1271,0.
325211001042028,2015,2,1223,0.
325211001044032,2015,2,483,0.
325211001045047,2015,2,800,0.
325211001049031,2015,2,1019,0.
325211001049031,2016,2,1019,0.
325211001063016,2015,2,875,0.
325211001064063,2015,2,1091,0.
325211001065052,2015,2,1517,0.
325211001066043,2015,2,574,0.
325211001067025,2015,2,2066,0.
325211001068049,2015,2,491,0.
325211001069021,2015,2,394,0.
325211001070037,2015,2,912,0.
325211001071050,2015,2,1075,0.
325211001072058,2015,2,519,0.
325211001073023,2015,1,2048,0.
325211001074021,2015,2,1255,0.
325211001075085,2015,2,78,0.
325211001076042,2015,2,326,0.
325211001077065,2015,2,376,0.
325211001079053,2015,2,657,0.
325211001080036,2015,2,1524,0.
325211001082032,2015,2,957,0.
325211001083030,2015,1,2497,0.
325211001084046,2015,2,690,0.
325211001085043,2015,2,1167,0.
325211001086058,2015,2,1051,0.
325211001087031,2015,2,1086,0.
325211001088039,2015,2,1589,0.
325211001089037,2015,2,544,0.
325211001090043,2015,2,1599,0.
325211001092023,2015,2,600,0.
325211001093039,2015,2,1159,0.
325211001094052,2015,2,922,0.
325211001096040,2015,2,1582,0.
325211001097030,2015,2,684,0.
325211001097030,2016,2,684,0.
325211001098020,2015,2,1988,0.
325211001098020,2016,2,1988,0.
325211001099036,2015,2,317,0.
325211001099036,2016,2,317,0.
325211001101030,2015,2,729,0.
325211001101030,2016,2,729,0.
325211001102053,2015,2,1871,0.
325211001104042,2015,2,1273,0.
325211001104042,2016,2,1273,0.
325211001105023,2015,2,531,0.
325211001105023,2016,2,531,0.
325211001107037,2015,2,1283,0.
325211001108035,2015,2,867,0.
325211001108035,2016,2,867,0.
325211001109033,2015,2,1115,0.
325211001109033,2016,2,1115,0.
325211001112045,2015,2,710,0.
325211001112045,2016,2,710,0.
325211001113043,2015,2,608,0.
325211001113043,2016,2,608,0.
325211001114033,2015,2,338,0.
325211001114033,2016,2,338,0.
325211001116038,2015,2,735,0.
325211001116038,2016,2,735,0.
325211001119057,2015,2,1848,0.
325211001119057,2016,2,1848,0.
325211001120030,2015,2,1616,0.
325211001120030,2016,2,1616,0.
325211001122028,2015,2,507,0.
325211001122028,2016,2,507,0.
325211001123059,2015,1,3848,0.
325211001123059,2016,1,3848,0.
325211001124040,2015,2,2269,0.
325211001124040,2016,2,2269,0.
325211001125054,2015,2,1102,0.
325211001125054,2016,2,1102,0.
325211001128033,2015,2,2027,0.
325211001128033,2016,2,2027,0.
325211001129031,2015,2,1182,0.
325211001129031,2016,2,1182,0.
325211001130062,2015,2,686,0.
325211001130062,2016,2,686,0.
325211001131060,2015,1,2421,0.
325211001131060,2016,1,2421,0.
325211001132019,2015,2,852,0.
325211001132019,2016,2,852,0.
325211001133033,2015,2,1779,0.
325211001133033,2016,2,1779,0.
325211001134015,2015,2,1963,0.
325211001134015,2016,2,1963,0.
325211001135046,2015,2,1890,0.
325211001135046,2016,2,1890,0.
325211001136051,2015,2,244,0.
325211001136051,2016,2,244,0.
325211001137042,2015,2,1438,0.
325211001137042,2016,2,1438,0.
325211001138032,2015,2,1286,0.
325211001138032,2016,2,1286,0.
325211001139030,2015,2,1720,0.
325211001139030,2016,2,1720,0.
325211001141036,2015,2,276,0.
325211001141036,2016,2,276,0.
325211001142067,2015,2,1570,0.
325211001142067,2016,2,1570,0.
325211001143040,2015,2,552,0.
325211001143040,2016,2,552,0.
325211001146035,2015,2,469,0.
325211001146035,2016,2,469,0.
325211001147041,2015,2,624,0.
325211001147041,2016,2,624,0.
325211001148031,2015,2,1477,0.
325211001148031,2016,2,1477,0.
325211001149054,2015,2,1000,0.
325211001149054,2016,2,1000,0.
325211001150029,2015,2,1871,0.
325211001150029,2016,2,1871,0.
325217065000018,2014,9,12.1,0.
325217065000018,2015,9,12.1,0.
325217119000071,2015,2,4420,0.
325223013500018,2014,1,6192,0.
325229307000052,2015,9,11.6,0.
325235114600026,2014,9,12.2,0.
325235115400038,2014,9,12.5,0.
325243065000022,2015,9,6.3,0.
325253000201031,2014,9,22.7,0.
325259051500106,2014,2,4232,0.
325259051500106,2015,2,4232,0.
325275068600101,2015,9,32.8,0.
325275090700010,2015,51,21076,0.
325283900000001,2014,9,12,0.
325283900000001,2015,9,12,0.
325285092581037,2014,2,3402,0.
325285092581037,2015,2,3402,0.
325287043000042,2014,2,0,0.
325287043000042,2015,2,0,0.
325293040000035,2015,9,8.5,0.
325293040500034,2015,2,2960,0.
325299094712011,2015,9,0,0.
325299094715071,2015,1,8785,0.
325317060001001,2015,2,1788,0.
325319078500040,2014,9,9.7,0.
325333229500007,2015,9,10.2,0.
325349151500039,2014,9,57.1,0.
325371060000026,2014,2,639,0.
326013032500035,2014,9,7.5,0.
326013032500035,2015,9,7.5,0.
326019071000001,2014,9,9.6,0.
326019071000001,2015,9,9.6,0.
326019121400003,2014,9,8,0.
326019121400003,2015,9,8,0.
326023067300003,2015,9,65.1,0.
326031228700029,2014,9,147.5,0.
326039900000006,2014,116,24757,0.
326039900000006,2015,116,24757,0.
326055092500009,2015,2,900,0.
326055105000047,2014,2,1576,0.
326075132000141,2014,2,6673,0.
326081019000048,2014,9,6.9,0.
326081019000048,2015,9,6.9,0.
326083107000062,2015,2,1028,0.
326083112400133,2015,2,1178,0.
326083119900135,2015,2,5302,0.
326083124981120,2015,2,5576,0.
326111077000026,2015,9,7.7,0.
326111092500026,2015,2,4022,0.
326111146500014,2015,2,5378,0.
326125063581039,2014,2,2398.00,0.
326125063581039,2015,2,2398.00,0.
326129255000014,2014,2,2575,0.
326129255500013,2014,2,2262,0.
326131004000022,2015,2,1427,0.
326139000500028,2015,9,5.6,0.
326167061000042,2014,2,1256,0.
326167062000033,2014,2,798,0.
326171119081038,2014,9,14,0.
326171119081038,2015,9,14,0.
326171119082036,2014,2,5802,0.
326171119082036,2015,2,5802,0.
326179145700018,2014,2,5378,0.
326179145700018,2015,2,5378,0.
326209089000024,2014,9,15.8,0.
326209089000024,2015,9,15.8,0.
326209089500031,2014,1,9656,0.
326209089500031,2015,1,9656,0.
326217137600133,2014,2,3556,0.
326217137600133,2015,2,3556,0.
326221000500040,2014,9,5.9,0.
326221000500040,2015,9,5.9,0.
326221001500049,2014,1,10027,0.
326221001500049,2015,1,10027,0.
326223001900021,2015,9,33.3,0.
326261103000001,2014,9,6.4,0.
326263034000035,2015,9,8.8,0.
326271063000016,2014,2,5589,0.
326271063000016,2015,2,5589,0.
326271064480001,2014,2,4092,0.
326271064480001,2015,2,4092,0.
326301101300050,2015,9,27.3,0.
326301103200027,2015,9,13.6,0.
326301103400031,2014,9,6.6,0.
326301103800040,2015,9,26,0.
326305108900028,2015,9,63.6,0.
326317049081149,2014,2,7206,0.
326317049081149,2015,2,7206,0.
326317049910024,2014,2,1300,0.
326317049910024,2015,2,1300,0.
326317050000079,2014,2,1690,0.
326317050000079,2015,2,1690,0.
326337132500045,2015,9,13.5,0.
326341267000003,2015,9,6.3,0.
326341267500002,2015,1,7945,0.
326343151500007,2015,2,2374,0.
326371066300007,2014,9,6.6,0.
326371066300007,2015,9,6.6,0.
326371066400005,2014,9,7.5,0.
326371066400005,2015,9,7.5,0.
326371084700014,2014,9,7.9,0.
326371084700014,2015,9,7.9,0.
326371084720012,2014,2,542,0.
326371084720012,2015,2,542,0.
326371084920018,2014,2,1687,0.
326371084920018,2015,2,1687,0.
326395140700080,2014,9,53.3,0.
326395140700080,2015,9,53.3,0.
326395153081006,2015,2,5060,0.
326403002500109,2014,1,1781,0.
326403002500109,2015,1,1781,0.
326411000500021,2014,2,6792,0.
326411000500021,2015,2,6792,0.
326415067500048,2015,1,10997,0.
326449012000028,2014,9,14.1,0.
326449013000027,2014,9,20.3,0.
326449013500042,2014,9,16.1,0.
326449013700006,2014,9,79.5,0.
326451110000066,2015,9,6.2,0.
326453110500038,2015,9,102,0.
326463048700006,2014,9,11.9,0.
326463060700017,2014,2,1305,0.
326463060700017,2015,2,1305,0.
326471186500021,2014,9,69.9,0.
326507090200008,2014,9,6.1,0.
326507090200008,2015,9,6.1,0.
326507098000020,2015,1,4592,0.
326513025500116,2014,2,8019,0.
326513025500116,2015,2,8019,0.
326513046500087,2014,2,9771,0.
326513046500087,2015,2,9771,0.
326525094802025,2014,9,18.9,0.
326525094802025,2015,9,18.9,0.
326533052082036,2014,2,3303,0.
326563000500045,2014,2,4174,0.
326563000500045,2015,2,4174,0.
326563015500097,2014,2,8195,0.
326563015500097,2015,2,8195,0.
326563027000094,2014,2,2515,0.
326563027000094,2015,2,2515,0.
326571039081036,2014,2,1814,0.
326571039082042,2014,2,770,0.
326571039082042,2015,2,770,0.
326571055100009,2014,2,321,0.
326617020000020,2015,2,4599,0.
326617062500044,2014,2,1594.00,0.
326617062500044,2015,2,1594.00,0.
326617063500043,2014,2,2074.00,0.
326617063500043,2015,2,2074.00,0.
326617076081015,2014,2,3885,0.
326617077082020,2014,2,1937,0.
326631099000019,2015,9,10.1,0.
326631099001017,2014,2,544,0.
326631099001017,2015,2,544,0.
326631099118027,2014,2,236,0.
326631099118027,2015,2,236,0.
326631099500018,2014,9,9.3,0.
326631099500018,2015,9,9.3,0.
326631099502014,2014,2,508,0.
326631099502014,2015,2,508,0.
326631099518028,2014,1,22,0.
326649025000028,2014,9,8.4,0.
326649025000028,2015,9,8.4,0.
326649025500027,2014,1,7864,0.
326649025500027,2015,1,7864,0.
326669101500097,2014,9,62.9,0.
326675013000092,2015,2,2013,0.
326675025500154,2015,2,6414,0.
326681000500011,2014,9,29.9,0.
326681000500011,2015,9,29.9,0.
326681000620017,2014,2,498,0.
326681000620017,2015,2,498,0.
326683052000031,2014,2,1395,0.
326683052000031,2015,2,1395,0.
326699073100014,2015,9,9.1,0.
326703056482090,2015,9,10.6,0.
326705136000008,2015,9,22,0.
326721036581062,2014,2,7729,0.
326721036581062,2015,2,7729,0.
326733033000038,2015,9,8.3,0.
326735052502018,2015,9,5.6,0.
393011729000002,2015,9,536.00,0.
393021003000008,2014,8,248,0.
393021003000008,2015,8,248,0.
393021005200002,2015,9,267.2,0.
393021103800000,2015,9,205.6,0.
393021214500010,2015,9,89.6,0.
393021214600000,2015,9,83.3,0.
393021230000011,2014,9,141.9,0.
393031103900031,2014,9,242.7,0.
393031103900031,2015,9,242.7,0.
393031445000011,2015,50,230,0.
393031445100019,2014,9,736,0.
393031445100019,2015,9,736,0.
393031445110018,2014,9,172,0.
393031445110018,2015,9,172,0.
393051001200003,2015,9,405.3,0.
393051072000019,2014,9,424,0.
393051072000019,2015,9,424,0.
393051305400002,2015,2,437,0.
393051305400002,2016,2,437,0.
393061001400008,2015,9,352,0.
393081153500033,2015,9,372,0.
393131003000013,2014,9,122.7,0.
393131003000013,2015,9,122.7,0.
393131005600000,2015,9,451,0.
393131005700016,2015,9,206.7,0.
393131010500021,2015,9,285.3,0.
393161033000014,2015,9,286.4,0.
393161303500008,2015,9,271.2,0.
393161303700004,2015,9,152,0.
393171020000000,2015,9,249.6,0.
393191410100004,2015,9,346,0.
395101270000002,2015,2,9333,0.
395101270500001,2015,2,5081,0.
401001203600054,2015,9,236.4,0.
401001753085003,2015,9,37,0.
401011150000042,2014,9,49.3,0.
401011150000042,2015,9,49.3,0.
401011150700070,2014,9,11.8,0.
401011150700070,2015,9,11.8,0.
401023517700057,2014,9,57,0.
401023517700057,2015,9,57,0.
401023537500024,2015,9,31.2,0.
401023540000046,2015,9,10,0.
401023588000007,2014,9,44.3,0.
401023588000007,2015,9,44.3,0.
401027281300010,2014,9,30.90,0.
401027281300010,2015,9,30.90,0.
401101023910020,2015,9,272,0.
401101023914022,2015,9,97.6,0.
401101137500055,2014,9,33.7,0.
401101137500055,2015,9,33.7,0.
401113178036014,2015,2,1348,0.
401113277000010,2015,9,9.7,0.
401113278800004,2015,9,13.1,0.
401113279900001,2015,9,48.1,0.
401113280100005,2015,9,51.7,0.
401113280300001,2015,9,32.3,0.
401128110000001,2015,9,22.10,0.
401131005000078,2014,9,144.3,0.
401131005000078,2015,9,144.3,0.
401213155500048,2014,9,0.00,0.
401741644520003,2014,9,200,0.
402029242202011,2014,9,209.3,0.
402029242202011,2015,9,209.3,0.
402113312200004,2015,9,72,0.
402121338500000,2015,9,38,0.
402122009000007,2014,2,2018,0.
402122016500007,2014,2,2514,0.
402122021000001,2014,2,8826,0.
402122023500008,2014,2,2376,0.
402122027000005,2014,2,508,0.
402133197600029,2014,9,21.1,0.
402237142500042,2014,9,6.9,0.
402341102620061,2014,9,12.9,0.
402341102620061,2015,9,12.9,0.
402341102637008,2015,2,56,0.
403019181000004,2015,9,5.2,0.
403023254000107,2015,9,9.5,0.
403027280000023,2014,9,45.9,0.
403027280000023,2015,9,45.9,0.
403201256440055,2014,9,170.4,0.
403201256440055,2015,9,170.4,0.
403235236000001,2015,9,12.8,0.
403241121000015,2015,9,73.2,0.
411015766000005,2014,9,34.9,0.
411015880100004,2014,9,30.7,0.
411019063800000,2015,9,112,0.
411027522000005,2014,2,1673,0.
411027522000005,2015,2,1673,0.
411035140000000,2014,9,106.10,0.
411035140000000,2015,9,106.10,0.
411037955500017,2014,9,103.9,0.
411037955500017,2015,9,103.9,0.
411037957000024,2014,9,44.6,0.
411037957000024,2015,9,44.6,0.
411207757000017,2014,2,4051,0.
411211102000003,2015,9,13.1,0.
411211660000007,2014,9,49.6,0.
411211660000007,2015,9,49.6,0.
411211663500003,2014,9,38.4,0.
411211663500003,2015,9,38.4,0.
411215304500025,2015,9,13.7,0.
411215305600022,2015,9,43.9,0.
411215344000010,2014,9,57.6,0.
411215344000010,2015,9,57.6,0.
411215401500019,2014,9,274.7,0.
411215401500019,2015,9,274.7,0.
411239401500027,2014,2,1656,0.
411239406600004,2014,9,9.2,0.
411239406700002,2014,9,44.7,0.
411241134500027,2014,9,48.1,0.
411435353350003,2015,9,60.4,0.
411435354600018,2015,9,18.4,0.
411435670000000,2014,9,7.7,0.
412009157500037,2014,2,6775,0.
412009157500037,2015,2,6775,0.
412009157700033,2014,2,517,0.
412009157700033,2015,2,517,0.
412009511500004,2014,9,12.7,0.
412009511500004,2015,9,12.7,0.
412009526000008,2014,1,4181,0.
412009526000008,2015,1,4181,0.
412009551000014,2014,9,9.80,0.
412009551000014,2015,9,9.80,0.
412037148000064,2015,9,43.9,0.
412104017000003,2014,9,66,0.
412104022500005,2014,9,32.4,0.
412104022500005,2015,9,32.4,0.
412104023500004,2015,9,34.2,0.
412119282001007,2014,9,105.6,0.
412119282001007,2015,9,105.6,0.
412119282002005,2014,9,60.8,0.
412119282002005,2015,9,60.8,0.
412119283000024,2014,9,124.8,0.
412119283000024,2015,9,124.8,0.
412119363000001,2014,9,198.4,0.
412119363000001,2015,9,198.4,0.
412126141500004,2015,9,11.2,0.
412127458000000,2014,9,12.4,0.
412127602500004,2015,9,7.4,0.
412127603500003,2015,9,101.6,0.
412127604000003,2015,9,63.2,0.
412203305500003,2014,2,1588,0.
412203305500003,2015,2,1588,0.
412220106000009,2015,2,12379,0.
412226230000005,2015,2,138,0.
413003181000014,2014,9,18.30,0.
413003181000014,2015,9,18.30,0.
413003350500000,2014,2,4125,0.
413003350500000,2015,2,4125,0.
413013431802028,2015,9,134.4,0.
413022013500009,2014,9,29.1,0.
413026448500005,2014,2,5093,0.
413026469000000,2014,9,58,0.
413031400600017,2014,9,31.5,0.
413031400600017,2015,9,31.5,0.
413037433700005,2014,9,67.2,0.
413037433700005,2015,9,67.2,0.
413041025000196,2014,9,31.6,0.
413111149200079,2014,9,16.9,0.
413111149300085,2014,9,10.6,0.
413111149400067,2014,9,16.5,0.
413111149500098,2014,9,6.7,0.
413111149600054,2014,9,11.2,0.
413111183600002,2014,9,77.1,0.
413133123200016,2014,2,1564,0.
413133123200016,2015,2,1564,0.
413133622500031,2015,2,0,0.
413133705500007,2014,9,22.5,0.
413133705500007,2015,9,22.5,0.
413139988500002,2015,1,11927,0.
413139995000004,2015,9,59.7,0.
413231256100001,2015,9,134.7,0.
413241447000010,2014,9,11.5,0.
413241611000002,2014,9,84.8,0.
414029343000013,2014,9,17.50,0.
414029343000013,2015,9,17.50,0.
414031350500000,2015,9,71.6,0.
414033692000020,2015,9,53.6,0.
414033693000003,2015,9,91.7,0.
414103339800015,2014,9,42.1,0.
414109001000099,2014,9,6.6,0.
414109001000099,2015,9,6.6,0.
414109018500107,2014,2,3360,0.
414109018500107,2015,2,3360,0.
414117435500006,2014,9,23.8,0.
414117435500006,2015,9,23.8,0.
414117850000003,2014,9,59.2,0.
414117850000003,2015,9,59.2,0.
414203121500003,2014,2,1151,0.
414219103000010,2014,9,120.8,0.
414219103000010,2015,9,120.8,0.
414219354000008,2015,2,2849,0.
414229491000019,2014,9,82.4,0.
415009683110001,2014,2,0,0.
415009683120000,2014,9,7.1,0.
415009683120000,2015,9,7.1,0.
415009683200000,2014,9,23.5,0.
415009683200000,2015,9,23.5,0.
415009715000014,2015,9,16.7,0.
415031330000005,2015,9,160.5,0.
415033835000001,2015,9,13.2,0.
415033854000007,2015,2,4111,0.
415033900000001,2015,9,73.6,0.
415039118500005,2014,9,33.7,0.
415039118600003,2014,2,1677,0.
415039118700001,2014,2,3807,0.
415039118800017,2014,9,6.7,0.
415103052300010,2014,2,1273,0.
415103052300010,2015,2,1273,0.
415105579000023,2014,9,54.8,0.
415105579000023,2015,9,54.8,0.
415115148900009,2014,2,3336,0.
415117369000022,2015,2,1013,0.
415117539000001,2015,9,162.4,0.
415117600500020,2014,9,26.4,0.
415117600500020,2015,9,26.4,0.
415203006500044,2014,2,1757,0.
415203006500044,2015,2,1757,0.
415203144030029,2015,9,105.3,0.
415229104500008,2014,9,112.8,0.
415229104500008,2015,9,112.8,0.
416007623000018,2015,9,72.2,0.
416011517600032,2015,9,226.7,0.
416013097000021,2014,9,6.4,0.
416013097000021,2015,9,6.4,0.
416019004200042,2014,9,19.4,0.
416205177000018,2014,2,0,0.
416205179000024,2014,2,1356,0.
416205787500001,2014,2,2584.00,0.
416205787500001,2015,2,2584.00,0.
416205788000019,2014,2,4356.00,0.
416205788000019,2015,2,4356.00,0.
416205788500000,2014,2,12205.00,0.
416205788500000,2015,2,12205.00,0.
416205789500025,2014,2,716.00,0.
416205789500025,2015,2,716.00,0.
416205790000007,2014,2,3809.00,0.
416205790000007,2015,2,3809.00,0.
416205790500006,2014,2,3763.00,0.
416205790500006,2015,2,3763.00,0.
416205791500005,2014,9,6.20,0.
416205791500005,2015,9,6.20,0.
416205792500012,2015,9,12.40,0.
416205793500003,2014,2,1083.00,0.
416205793500003,2015,2,1083.00,0.
416205794000003,2014,2,892.00,0.
416205794000003,2015,2,892.00,0.
416205794500010,2014,2,440.00,0.
416205794500010,2015,2,440.00,0.
416205795000010,2014,2,725.00,0.
416205795000010,2015,2,725.00,0.
416205797000018,2014,2,1798.00,0.
416205797000018,2015,2,1798.00,0.
416205799000008,2014,2,1883.00,0.
416205799000008,2015,2,1883.00,0.
416205800000021,2014,2,852.00,0.
416205800000021,2015,2,852.00,0.
416205801500011,2014,2,2275.00,0.
416205801500011,2015,2,2275.00,0.
417013665700019,2014,9,42.5,0.
417015152000001,2014,9,36,0.
417015215000006,2015,9,33.5,0.
417029343500027,2015,9,62,0.
417033218000030,2015,2,4041,0.
417033218500021,2015,9,36,0.
417033218800025,2015,9,13.4,0.
417033219500020,2015,9,24.2,0.
417033220500050,2015,9,20.3,0.
417033221000027,2015,9,21.7,0.
417033221500026,2015,9,23.1,0.
417033227100037,2015,9,24.8,0.
417033229600026,2015,2,1174,0.
417033232000081,2015,2,1429,0.
417033232200020,2015,9,23.3,0.
417033232300028,2015,9,16.9,0.
417033232600021,2015,9,14.8,0.
417033232700029,2015,9,15.2,0.
417033235000039,2015,9,21.5,0.
417033236000020,2015,2,1866,0.
417033236200067,2015,2,1180,0.
417109257500013,2014,9,11.3,0.
417109257500013,2015,9,11.3,0.
417109346900000,2014,2,2888,0.
417115125000052,2014,2,7321,0.
417115125000052,2015,2,7321,0.
417215065100027,2015,9,49.1,0.
421001117000009,2015,9,17.5,0.
421021011500011,2014,9,10.8,0.
421021011500011,2015,9,10.8,0.
421021011800072,2014,2,4492,0.
421021011800072,2015,2,4492,0.
421023000200090,2015,9,16.6,0.
421035109502010,2014,2,8226,0.
421035109502010,2015,2,8226,0.
421035109503018,2014,9,17.6,0.
421035109503018,2015,9,17.6,0.
421035109504016,2014,9,17.3,0.
421035109504016,2015,9,17.3,0.
421035109510021,2014,9,35.7,0.
421035109510021,2015,9,35.7,0.
421113002505016,2015,9,82.7,0.
421117074500011,2014,2,1218,0.
421117079500016,2014,2,1590,0.
421127063501037,2015,9,25.9,0.
421137085000009,2015,9,12.1,0.
421217096500013,2014,2,719,0.
422009110700078,2014,9,53.6,0.
422025065500016,2015,9,184.5,0.
422025065500016,2016,9,184.5,0.
422103080000005,2015,9,43.7,0.
422111152900002,2015,9,12.7,0.
422223001000015,2015,116,276245,0.
422333119575004,2015,9,31.2,0.
423003030500030,2014,2,1778,0.
423003030500030,2015,2,1778,0.
423007040000006,2014,8,232,0.
423007080001013,2015,9,26.7,0.
423011013500034,2015,9,60.5,0.
423011014000026,2015,2,1511,0.
423011015000041,2015,2,3266,0.
423011016000065,2015,2,2858,0.
423011016500056,2015,2,2255,0.
423011019300033,2015,2,6086,0.
423023008900012,2014,9,296,0.
423023008900012,2015,9,296,0.
423107270000062,2015,9,44.9,0.
423111074500087,2015,9,200.5,0.
423111074700018,2015,9,17.2,0.
423111074901004,2015,2,10668,0.
423113078700051,2015,2,1185,0.
423123009000018,2014,9,48,0.
423123009000018,2015,9,48,0.
423123009200014,2014,2,1032,0.
423123009200014,2015,2,1032,0.
423123017900084,2014,2,2650,0.
423123017900084,2015,2,2650,0.
423209059003018,2015,9,18.7,0.
424007011300012,2015,9,9.2,0.
424019067003028,2015,9,10.4,0.
424133001600029,2015,9,42.7,0.
424133001620035,2014,9,51.7,0.
424203055110033,2016,9,63.5,0.
424203120830037,2014,9,10.1,0.
424203120830037,2015,9,10.1,0.
424203120840077,2014,9,18,0.
424203120840077,2015,9,18,0.
424203120860059,2014,2,0,0.
424203120860059,2015,2,0,0.
424225018000035,2014,9,36.8,0.
424225018000035,2015,9,36.8,0.
424233000400015,2015,9,16.7,0.
424323171000064,2015,2,0.00,0.
425003000400052,2015,9,55.1,0.
425003087300001,2015,9,17.7,0.
425013009100009,2015,9,42,0.
425013021101019,2015,9,19.1,0.
425035105600020,2015,9,0,0.
425203002000070,2015,9,18,0.
425219023000014,2014,9,105.6,0.
425219023000014,2015,9,105.6,0.
425407023400017,2015,2,4033,0.
426005116500047,2014,9,99.7,0.
426005116500047,2015,9,99.7,0.
426019065430007,2015,9,29.2,0.
426023101200010,2015,9,12.9,0.
426027006500010,2014,9,16,0.
426027006500010,2015,9,16,0.
426037057500017,2015,9,8.6,0.
426127053000029,2015,9,9.4,0.
426129001000044,2015,2,5071,0.
426129001120040,2015,2,937,0.
426129001140048,2015,2,1844,0.
426129001150062,2015,2,461,0.
426129002500109,2015,2,1149,0.
426137005500026,2015,9,8.2,0.
426139116500069,2015,9,42.4,0.
426239036100014,2015,9,14.7,0.
426303110000001,2014,9,154.7,0.
426303110000001,2015,9,154.7,0.
426403035408097,2014,9,46.7,0.
426403035408097,2015,9,46.7,0.
426403059300097,2014,9,8.5,0.
426403059300097,2015,9,8.5,0.
426403059400095,2014,9,6.8,0.
426403059400095,2015,9,6.8,0.
426403059900086,2014,9,25.6,0.
426403059900086,2015,9,25.6,0.
426403059910051,2014,9,33.8,0.
426403059910051,2015,9,33.8,0.
426403059970022,2014,9,9.6,0.
426403059970022,2015,9,9.6,0.
426403059980047,2014,9,27,0.
426403059980047,2015,9,27,0.
426403060019033,2014,9,9.2,0.
426403060019033,2015,9,9.2,0.
426403060024066,2014,9,22.6,0.
426403060024066,2015,9,22.6,0.
426403060025030,2014,9,21.6,0.
426403060025030,2015,9,21.6,0.
426403060027010,2014,9,17.4,0.
426403060027010,2015,9,17.4,0.
426403060028026,2014,9,12,0.
426403060028026,2015,9,12,0.
426403060034057,2014,9,12.6,0.
426403060034057,2015,9,12.6,0.
426403060035062,2014,9,17.9,0.
426403060035062,2015,9,17.9,0.
426403060500073,2014,2,839,0.
426403060500073,2015,2,839,0.
426403075100059,2015,9,122.9,0.
426403075500118,2015,9,7.7,0.
427003080000051,2014,9,68,0.
427003080000051,2015,9,68,0.
427011086700004,2014,51,107360,0.
427011086700004,2015,51,107360,0.
427017071000003,2014,9,46.1,0.
427017071000003,2015,9,46.1,0.
427017071200009,2014,9,19.1,0.
427017071200009,2015,9,19.1,0.
427017071510001,2014,2,1968,0.
427017071510001,2015,2,1968,0.
427019076001002,2014,9,214.7,0.
427019076001002,2015,9,214.7,0.
427019079410036,2015,9,31.2,0.
427023007600031,2015,9,6.2,0.
427023011000038,2015,9,91.8,0.
427023150900022,2015,9,61,0.
427033180000008,2014,9,11,0.
427033180000008,2015,9,11,0.
427033180002004,2014,9,9.3,0.
427033180002004,2015,9,9.3,0.
427037167500005,2014,9,20.8,0.
427037167500005,2015,9,20.8,0.
427039042500002,2015,9,7.4,0.
427101006010020,2014,9,32.8,0.
427101006010020,2015,9,32.8,0.
427101086500015,2014,9,85.8,0.
427101086500015,2015,9,85.8,0.
427101086510006,2014,9,176,0.
427101086520005,2014,9,44.8,0.
427101087300035,2014,9,16.3,0.
427105030860052,2014,1,3600,0.
427105046000040,2015,9,85.9,0.
427105046500015,2014,9,10.9,0.
427105047050010,2014,9,37.2,0.
427105047095015,2014,9,74.4,0.
427105047100005,2015,9,208.2,0.
427105047110012,2015,9,5,0.
427117004690019,2015,9,11.9,0.
427119002001009,2015,9,102.9,0.
427123084500060,2014,2,650,0.
427123084500060,2015,2,650,0.
427123085000094,2014,2,573,0.
427123085000094,2015,2,573,0.
427123086000101,2014,2,196,0.
427123086000101,2015,2,196,0.
427123086501082,2014,2,610,0.
427123086501082,2015,2,610,0.
427123087000118,2014,2,249,0.
427123087000118,2015,2,249,0.
427123089500107,2014,2,1057,0.
427123089500107,2015,2,1057,0.
427123090500112,2014,2,485,0.
427123090500112,2015,2,485,0.
427123091000161,2014,2,1116,0.
427123091000161,2015,2,1116,0.
427123091500053,2014,2,389,0.
427123091500053,2015,2,389,0.
427123092500102,2014,2,846,0.
427123092500102,2015,2,846,0.
427125020000006,2015,9,297.1,0.
427141027055018,2014,9,159,0.
427201002500006,2015,9,298.5,0.
427203011500019,2015,9,20.3,0.
427203017500021,2015,9,38.5,0.
427203020500117,2015,9,24.2,0.
427219073755010,2015,9,33.4,0.
427219073852080,2015,2,3109,0.
427219165000010,2015,9,27.8,0.
427225054910003,2014,9,117.3,0.
427225054910003,2015,9,117.3,0.
427229114600075,2015,9,15,0.
427233091300014,2014,9,60.6,0.
427233091300014,2015,9,60.6,0.
427325000103032,2015,9,74,0.
427325001000013,2015,9,148.8,0.
427325021520016,2015,9,35.7,0.
431001034002003,2015,9,101.5,0.
431011021000043,2015,2,1361,0.
431011025600004,2015,9,162.1,0.
431011075500005,2014,9,35.7,0.
431015435000028,2014,9,34,0.
431015435000028,2015,9,34,0.
431015446500016,2014,2,918,0.
431015446500016,2015,2,918,0.
431015470000016,2014,2,737,0.
431015470000016,2015,2,737,0.
431015580500004,2014,9,36.7,0.
431015580600002,2014,2,9152,0.
431039201000004,2014,9,9.2,0.
431039201000004,2015,9,9.2,0.
431039312500009,2014,9,47.7,0.
431041079000017,2015,9,11.7,0.
431041089901006,2014,9,20.4,0.
432013569000012,2015,9,122.4,0.
432017404500003,2014,9,24,0.
432021023600004,2014,9,50.3,0.
432021023600004,2015,9,50.3,0.
432021023603008,2014,9,261.3,0.
432021023603008,2015,9,261.3,0.
432021056780004,2015,9,65.6,0.
432029155000042,2015,9,24.1,0.
432041541000032,2014,9,31,0.
432041541000032,2015,9,31,0.
432109320000034,2014,9,22.7,0.
432109320000034,2015,9,22.7,0.
432109771800007,2014,2,3639,0.
432109771800007,2015,2,3639,0.
432109772000003,2014,9,13.7,0.
432109772000003,2015,9,13.7,0.
432115185202011,2014,9,23.5,0.
432115426000000,2014,9,75.2,0.
432115426000000,2015,9,75.2,0.
432117059500009,2014,9,24,0.
432119039900010,2014,39,59.6,0.
432119039900010,2015,39,59.6,0.
432119039910019,2014,39,6.4,0.
432119039910019,2015,39,6.4,0.
432119040000032,2015,39,89.1,0.
432119041000049,2014,9,47.5,0.
432119041000049,2015,9,47.5,0.
432119042600011,2014,39,22.7,0.
432119042600011,2015,39,22.7,0.
432119043800024,2014,9,146.1,0.
432119043800024,2015,9,146.1,0.
432119137510000,2014,9,114.9,0.
432119137510000,2015,9,114.9,0.
432127410000011,2015,9,137.1,0.
432127498000016,2015,9,93.7,0.
432127498001006,2015,9,35.5,0.
432129168100019,2015,9,146,0.
432137108800002,2014,2,1168,0.
432137108800002,2015,2,1168,0.
432137110500087,2014,2,2506,0.
432137110500087,2015,2,2506,0.
432137111500185,2014,2,1161,0.
432137111500185,2015,2,1161,0.
432217155000001,2014,9,15.2,0.
432217155500059,2014,9,26.1,0.
432217165000025,2015,9,261.3,0.
432217768000018,2014,9,16.9,0.
432217768000018,2015,9,16.9,0.
432217769500016,2014,9,5.2,0.
432217769500016,2015,9,5.2,0.
432217784000026,2014,9,24.2,0.
432217784000026,2015,9,24.2,0.
433019062100000,2014,9,0,0.
433019062100000,2015,9,0,0.
433021016300017,2014,9,26.4,0.
433021065202015,2015,9,0,0.
433021080000014,2014,9,376.00,0.
433025412000055,2015,9,210,0.
433029003500085,2014,2,2679,0.
433029003500085,2015,2,2679,0.
433029005000068,2014,2,63,0.
433029005000068,2015,2,63,0.
433029012500100,2014,2,3511,0.
433029012500100,2015,2,3511,0.
433029065000016,2015,9,10.8,0.
433037217400000,2014,9,25.3,0.
433037661000041,2015,9,157.1,0.
433037738000016,2015,2,3929,0.
433101035000119,2015,9,0,0.
433117360500002,2014,9,48.8,0.
433117360500002,2015,9,48.8,0.
433123390000039,2014,2,4429,0.
433123390000039,2015,2,4429,0.
433125141100018,2014,9,14.2,0.
433125141100018,2015,9,14.2,0.
433129079100073,2014,9,71.2,0.
433129079100073,2015,9,71.2,0.
433205131500011,2014,2,4905,0.
433205714500016,2015,9,233.3,0.
433205767700000,2015,9,29.9,0.
434007260600011,2015,2,5400,0.
434009153000002,2015,9,6.5,0.
434009495000009,2015,9,13.8,0.
434009496000016,2015,9,1.1,0.
434009496500007,2015,9,14.1,0.
434013522500023,2014,9,95.1,0.
434017076200013,2014,9,392,0.
434017076200013,2015,9,392,0.
434017082800020,2014,9,0,0.
434017082800020,2015,9,0,0.
434019048000026,2014,9,81.9,0.
434025807000008,2014,9,13.4,0.
434025807000008,2015,9,13.4,0.
434035331000010,2015,9,49.9,0.
434035518000007,2015,2,5197,0.
434035553500051,2015,9,100.8,0.
434035555500000,2015,9,52.4,0.
434035556000034,2015,9,34.4,0.
434035556500009,2015,9,20.2,0.
434035557000009,2015,9,36.6,0.
434035557500016,2015,9,36.9,0.
434035558000016,2015,9,27.6,0.
434039147500023,2015,9,104,0.
434039210500033,2015,9,162,0.
434039210800029,2015,9,72.5,0.
434115158500027,2015,9,71,0.
434115276500024,2014,9,73.6,0.
434115389000003,2014,9,11.6,0.
434115672500008,2014,2,1880,0.
434115672500008,2015,2,1880,0.
434115676000054,2014,2,1410,0.
434115676000054,2015,2,1410,0.
434123384700031,2014,9,40.6,0.
434123384700031,2015,9,40.6,0.
434127310500027,2014,9,45.1,0.
434127310500027,2015,9,45.1,0.
434135163500028,2014,9,50,0.
434135166500017,2015,9,44.4,0.
434135167500065,2015,9,58.4,0.
434135168000040,2015,9,12.7,0.
434135170700009,2015,9,87.6,0.
434135170800007,2015,9,44,0.
434135171004005,2015,9,66.7,0.
435001098000063,2015,9,16.8,0.
435001098100012,2015,9,48.7,0.
435002026500000,2015,9,10.6,0.
435003143600012,2015,9,229,0.
435003561000109,2014,2,4256.00,0.
435015252500007,2015,2,3579,0.
435015322500060,2014,9,105.9,0.
435015323000060,2014,9,78.9,0.
435015323100019,2014,9,44.2,0.
435015324700015,2014,9,56.7,0.
435015325000043,2014,9,28.4,0.
435041029700001,2014,9,42.9,0.
435041030004005,2014,2,2028,0.
435041231300004,2014,9,95.5,0.
435101144800001,2014,9,79.2,0.
435101144910016,2014,9,36.9,0.
435101144910016,2015,9,36.9,0.
435105318500032,2015,9,41,0.
435111655000008,2015,9,6.7,0.
435119061000009,2014,9,75.5,0.
435119061000009,2015,9,75.5,0.
435119064000006,2014,9,150,0.
435119064000006,2015,9,150,0.
435121525600002,2015,9,30.1,0.
435121550500002,2015,9,11.6,0.
435121551100109,2015,9,15.7,0.
435121565600029,2015,9,13.8,0.
435121590100029,2015,9,31.9,0.
435121685500018,2015,9,0,0.
435123310500017,2014,9,8.7,0.
435123310500017,2015,9,8.7,0.
435125344000047,2014,2,2301,0.
435125344000047,2015,2,2301,0.
435127760500013,2015,9,44.8,0.
435127810500005,2015,9,25.7,0.
435127816000083,2015,9,63.7,0.
435139205212005,2014,2,3011,0.
435139205212005,2015,2,3011,0.
435213118000052,2014,9,0,0.
435213118000052,2015,9,0,0.
435233004600013,2014,2,552,0.
435233004600013,2015,2,552,0.
435233182000002,2015,51,32788,0.
436013173000081,2015,9,28.4,0.
436013177700025,2015,9,63.2,0.
436015100600016,2015,2,0,0.
436015166300121,2015,9,19.7,0.
436015195000007,2014,9,31.6,0.
436015274500000,2014,2,1617,0.
436015274500000,2015,2,1617,0.
436039244500049,2015,9,106.7,0.
436213117500002,2015,2,7081,0.
436213161500064,2015,9,25.3,0.
436213373517013,2015,9,35.7,0.
436213373518011,2015,9,38.7,0.
436213373715013,2015,9,0,0.
436213373720013,2015,9,0,0.
436213373725012,2015,9,0,0.
436213374700014,2015,9,0,0.
436213374705013,2015,9,0,0.
436213374710013,2015,9,0,0.
436237020200038,2014,9,75.7,0.
436237020200038,2015,9,75.7,0.
436237020500007,2014,9,13.4,0.
436237020500007,2015,9,13.4,0.
437009197000031,2015,2,1395,0.
437013030000026,2014,9,166.9,0.
437019374300005,2014,9,117.6,0.
437019374300005,2015,9,117.6,0.
437027045000086,2015,9,15,0.
437027045000086,2016,9,15,0.
437029173000086,2015,2,2288,0.
437037026505045,2015,9,29.2,0.
437037075110002,2014,2,2821,0.
437037075110002,2015,2,2821,0.
437037095100009,2014,9,16.9,0.
437037095100009,2015,9,16.9,0.
437037109035100,2014,2,2561,0.
437037109035100,2015,2,2561,0.
437105077000024,2015,9,128,0.
437105077000024,2016,9,128,0.
437127336500016,2015,9,45.5,0.
437129163500051,2014,9,24.7,0.
437135037000004,2014,9,22.4,0.
437207677500039,2014,9,20.6,0.
437207677500039,2015,9,20.6,0.
437213005200003,2014,9,121.6,0.
441001000320015,2015,9,28.8,0.
441001000327010,2015,9,10.1,0.
441001000328018,2015,9,0,0.
441001009000022,2015,9,15.1,0.
441001015000099,2015,9,15.1,0.
441021148000014,2014,9,21.3,0.
441023011200093,2014,9,24.8,0.
441023106601056,2015,9,51.5,0.
441023106602039,2014,2,1855,0.
441023106602039,2015,2,1855,0.
441023106610107,2014,9,21.9,0.
441023106610107,2015,9,21.9,0.
441023107030016,2014,9,36.3,0.
441023107030016,2015,9,36.3,0.
441023107200130,2014,9,21.1,0.
441023107200130,2015,9,21.1,0.
441023107300070,2015,9,26.6,0.
441023107400045,2014,9,12.1,0.
441023107400045,2015,9,12.1,0.
441023107500158,2014,9,22.7,0.
441023107500158,2015,9,22.7,0.
441023108000091,2014,9,28.3,0.
441023108000091,2015,9,28.3,0.
441023108500140,2014,9,17.3,0.
441023108500140,2015,9,17.3,0.
441023108900100,2014,9,28.1,0.
441023108900100,2015,9,28.1,0.
441023109000124,2014,9,32,0.
441023109000124,2015,9,32,0.
441023109500198,2014,9,19.6,0.
441023109500198,2015,9,19.6,0.
441023110000113,2014,9,74.9,0.
441023110000113,2015,9,74.9,0.
441023112200117,2014,9,20.9,0.
441023112200117,2015,9,20.9,0.
441023112500060,2014,9,18.7,0.
441023112500060,2015,9,18.7,0.
441023115700147,2014,9,18.6,0.
441023115700147,2015,9,18.6,0.
441023117000157,2015,9,18.4,0.
441025127500001,2015,9,222.7,0.
441027329500003,2015,9,21.8,0.
441027350500013,2014,9,102.9,0.
441027350500013,2015,9,102.9,0.
441103089010002,2015,9,200,0.
441103089800014,2014,9,54.9,0.
441103089800014,2015,9,54.9,0.
441103157018010,2014,9,122.4,0.
441103157018010,2015,9,122.4,0.
441105004610030,2014,9,69.1,0.
441105004610030,2015,9,69.1,0.
441109348800018,2014,2,2591,0.
441111008500037,2015,2,726,0.
441111083500191,2015,2,130,0.
441131018000000,2015,9,126.7,0.
441131110535028,2014,9,87.2,0.
441131110536059,2014,9,169.6,0.
441131110536059,2015,9,169.6,0.
441137081605104,2014,9,64.8,0.
441207040290007,2015,9,22.8,0.
441209003600008,2015,39,54.9,0.
441211000470088,2015,9,27,0.
441211000480038,2015,9,16.8,0.
441225032200024,2014,9,77.3,0.
441225032200024,2015,9,77.3,0.
441307000720025,2014,9,98.4,0.
441307000720025,2015,9,98.4,0.
441307010000038,2014,9,95.5,0.
441307010000038,2015,9,95.5,0.
442001011400086,2014,9,237.3,0.
442001011400086,2015,9,237.3,0.
442001011602012,2014,2,37,0.
442001034000012,2014,9,17.5,0.
442001042200018,2015,9,39.7,0.
442027149564014,2014,9,26.5,0.
442027149564014,2015,9,26.5,0.
442029007500064,2014,9,61.6,0.
442031183500033,2014,9,192.8,0.
442031183500033,2015,9,192.8,0.
442105060000026,2015,9,297.3,0.
442109077500044,2014,9,27.3,0.
442109077500044,2015,9,27.3,0.
442109095500000,2014,9,34.1,0.
442109095500000,2015,9,34.1,0.
442115000281024,2015,9,19.2,0.
442123005000019,2014,9,41.7,0.
442123005000019,2015,9,41.7,0.
442129053920032,2014,9,68.6,0.
442129053920032,2015,9,68.6,0.
442129053930031,2014,9,33.1,0.
442129053930031,2015,9,33.1,0.
442129053940030,2014,9,75.2,0.
442129053940030,2015,9,75.2,0.
442129053950039,2014,9,46.2,0.
442129053950039,2015,9,46.2,0.
442129054080018,2015,9,140.3,0.
442129093205014,2014,9,62.4,0.
442129093205014,2015,9,62.4,0.
442137088650045,2015,9,18.1,0.
442137088700055,2015,9,8.2,0.
443005012000018,2015,9,380,0.
443005013200039,2015,9,97.1,0.
443007171250012,2015,8,86,0.
443011005000031,2014,9,37.2,0.
443011005000031,2015,9,37.2,0.
443023004600000,2015,9,137.6,0.
443023022420001,2014,2,1296.00,0.
443023022420001,2015,2,1296.00,0.
443023026500063,2014,12,124328,0.
443023027205167,2014,2,815,0.
443023027210100,2014,2,1170,0.
443023027215083,2014,2,1160,0.
443023027220117,2014,2,1172,0.
443023027225116,2014,2,1488,0.
443023027235172,2014,2,853,0.
443023027245130,2014,2,1478,0.
443023027300109,2014,2,1001,0.
443023027310181,2014,2,1261,0.
443023027315081,2014,2,1343,0.
443023027325130,2014,2,1394,0.
443023027330072,2014,2,1454,0.
443023027335105,2014,2,1088,0.
443023027350096,2014,2,882,0.
443023027400115,2014,2,1629,0.
443023027405098,2014,2,1501,0.
443023027410064,2014,2,1397,0.
443023027420113,2014,2,1206,0.
443023027425021,2014,2,1402,0.
443023027430096,2014,2,1329,0.
443023027445052,2014,2,1376,0.
443023027450078,2014,2,1005,0.
443023027455077,2014,2,1197,0.
443023027500112,2014,2,1610,0.
443023027505095,2014,2,1033,0.
443023027510152,2014,2,1158,0.
443023027515060,2014,2,1586,0.
443023027520094,2014,2,1253,0.
443023027545133,2014,2,1211,0.
443023027550125,2014,2,1211,0.
443023027605119,2014,2,1462,0.
443023027650099,2014,2,1246,0.
443023027655080,2014,2,1221,0.
443023027700126,2014,2,1796,0.
443023027705091,2014,2,1248,0.
443023027710067,2014,2,1324,0.
443023027715124,2014,2,1443,0.
443023027720074,2014,2,1294,0.
443023027730107,2014,2,1157,0.
443023027735056,2014,2,1342,0.
443023027745055,2014,2,1017,0.
443023027800108,2014,2,913,0.
443023027805081,2014,2,1250,0.
443023027810065,2014,2,1307,0.
443023027815106,2014,2,1073,0.
443023027820064,2014,2,950,0.
443023027825097,2014,2,747,0.
443023027830097,2014,2,920,0.
443023027835070,2014,2,1047,0.
443023027840096,2014,2,969,0.
443023027850061,2014,2,1129,0.
443023027900049,2014,2,1497,0.
443023027905063,2014,2,1235,0.
443023027920021,2014,2,1717,0.
443023027925038,2014,2,1907,0.
443023028115035,2014,2,1949,0.
443023028120043,2014,2,1267,0.
443023028125042,2014,2,910,0.
443023028200035,2014,2,1642,0.
443023028210059,2014,2,2403,0.
443023028220025,2014,2,1527,0.
443023071010000,2014,9,108.8,0.
443025317500025,2014,9,45.3,0.
443027009800028,2015,9,29.5,0.
443027032600106,2015,2,983,0.
443027033700186,2014,9,42.3,0.
443027033700186,2015,9,42.3,0.
443027089000069,2014,9,73.1,0.
443027166000008,2015,9,25.5,0.
443027176800041,2015,9,48.4,0.
443027176850046,2015,9,29.1,0.
443027218000022,2014,9,21.9,0.
443033375000011,2015,8,87.5,0.
443111447000001,2014,9,120.4,0.
443111447000001,2015,9,120.4,0.
443127048101006,2015,9,32.9,0.
443127057600013,2015,9,77.6,0.
443127085573018,2014,2,2845,0.
443127085584015,2014,2,2424,0.
443127085747018,2015,9,102.4,0.
443209000500035,2015,2,4782,0.
443231021500018,2015,9,0,0.
443231021600040,2015,9,52.1,0.
444011300835007,2015,9,4.5,0.
444011300840007,2014,9,17.3,0.
444011300840007,2015,9,17.3,0.
444011566600046,2014,9,49.6,0.
444017001018017,2015,9,40.3,0.
444035016500100