2016-09-30,17:00,0015133301,2016,GS,101,24.2027
2016-09-30,17:00,0018800709,2016,GS,101,10.2879
2016-09-30,17:00,0037095051,2016,GS,101,21.9572
2016-09-30,17:00,0037163045,2016,GS,101,41.3352
2016-09-30,17:00,0041076064,2015,GS,101,333.533
2016-09-30,17:00,0041076064,2016,GS,101,275.789
2016-09-30,17:00,0047201106,2015,HT,151,380.463
2016-09-30,17:00,0047201106,2016,HT,151,372.804
2016-09-30,17:00,0052091022,2016,GS,101,35.4192
2016-09-30,17:00,0052633020,2016,GS,101,11.9012
2016-09-30,17:00,0054500306,2016,GS,101,0.939907
2016-09-30,17:00,0066200900,2016,GS,101,23.343
2016-09-30,17:00,0075500203,2016,GS,101,11.1232
2016-09-30,17:00,0076700307,2016,GS,101,107.933
2016-09-30,17:00,0099300205,2016,GS,101,138.885
2016-09-30,17:00,0101008191,2016,GS,101,40.1481
2016-09-30,17:00,0101102101,2016,GS,101,106.85
2016-09-30,17:00,0101600607,2016,GS,101,16.3434
2016-09-30,17:00,0103096144,2016,GS,101,213.744
2016-09-30,17:00,0104108063,2016,GS,101,8.35512
2016-09-30,17:00,0123112158,2016,GS,101,6.82528
2016-09-30,17:00,0125164007,2016,GS,101,45.0234
2016-09-30,17:00,0133800305,2016,GS,101,104.667
2016-09-30,17:00,0134600403,2016,GS,101,8.14278
2016-09-30,17:00,0135043168,2016,GS,101,48.4487
2016-09-30,17:00,0135701300,2016,GS,101,2.36596
2016-09-30,17:00,0135900201,2016,GS,101,0.762399
2016-09-30,17:00,0142551013,2016,GS,101,9.95844
2016-09-30,17:00,0153156079,2016,GS,101,15.7066
2016-09-30,17:00,0153922000,2016,GS,101,4.35152
2016-09-30,17:00,0157600707,2016,GS,101,27.1952
2016-09-30,17:00,0166800403,2016,PD,157,136.04
2016-09-30,17:00,0180800208,2015,GS,101,50.167
2016-09-30,17:00,0180800208,2016,GS,101,43.98
2016-09-30,17:00,0183058282,2016,GS,101,32.702
2016-09-30,17:00,0185028200,2016,GS,101,69.9627
2016-09-30,17:00,0192001576,2016,GS,101,38.9494
2016-09-30,17:00,0192072138,2015,HT,151,473.564
2016-09-30,17:00,0192072138,2016,HT,151,667.478
2016-09-30,17:00,0192363018,2015,GS,101,29.5064
2016-09-30,17:00,0192363018,2016,GS,101,27.4243
2016-09-30,17:00,0195520015,2015,HT,151,362.732
2016-09-30,17:00,0202416019,2015,GS,101,9.26466
2016-09-30,17:00,0202416019,2016,GS,101,9.3374
2016-09-30,17:00,0203035107,2016,GS,101,3.06067
2016-09-30,17:00,0211500204,2015,GS,101,23.8502
2016-09-30,17:00,0211500204,2016,GS,101,27.8483
2016-09-30,17:00,0222672013,2016,GS,101,27.5949
2016-09-30,17:00,0241157059,2016,GS,101,16.5425
2016-09-30,17:00,0242120001,2016,GS,101,87.0821
2016-09-30,17:00,0250553041,2016,GS,101,270.945
2016-09-30,17:00,0252700304,2016,GS,101,3.12738
2016-09-30,17:00,0256800803,2015,HT,151,50.0503
2016-09-30,17:00,0256800803,2016,HT,151,53.0319
2016-09-30,17:00,0267002077,2016,GS,101,11.4359
2016-09-30,17:00,0267134083,2016,GS,101,16.5745
2016-09-30,17:00,0267900603,2016,GS,101,21.2905
2016-09-30,17:00,0273055217,2016,GS,101,31.5082
2016-09-30,17:00,0279972011,2016,GS,101,7.10404
2016-09-30,17:00,0289901606,2016,GS,101,18.9929
2016-09-30,17:00,0290177089,2016,GS,101,45.4589
2016-09-30,17:00,0294602029,2016,GS,101,17.8699
2016-09-30,17:00,0304143057,2016,GS,101,124.108
2016-09-30,17:00,0306900707,2016,GS,101,8.44336
2016-09-30,17:00,0308666015,2016,GS,101,12.4628
2016-09-30,17:00,0310871008,2016,GS,101,2.1441
2016-09-30,17:00,0311400105,2016,GS,101,0.545763
2016-09-30,17:00,0315118088,2016,GS,101,3.63693
2016-09-30,17:00,0319500900,2016,GS,101,20.4829
2016-09-30,17:00,0323096144,2015,GS,101,11.2777
2016-09-30,17:00,0323096144,2016,GS,101,13.3788
2016-09-30,17:00,0323616002,2016,GS,101,67.6001
2016-09-30,17:00,0324156112,2016,GS,101,37.7548
2016-09-30,17:00,0331162068,2015,HT,151,143.951
2016-09-30,17:00,0331162068,2016,HT,151,267.92
2016-09-30,17:00,0336140017,2016,GS,101,0.942998
2016-09-30,17:00,0338900309,2016,GS,101,40.8401
2016-09-30,17:00,0342480022,2015,GS,101,3.00874
2016-09-30,17:00,0342480022,2016,GS,101,2.08953
2016-09-30,17:00,0344000903,2015,GS,101,22.0808
2016-09-30,17:00,0344000903,2016,GS,101,17.5109
2016-09-30,17:00,0346701303,2016,GS,101,61.5307
2016-09-30,17:00,0347600802,2016,GS,101,2.11374
2016-09-30,17:00,0350491039,2015,HT,151,970.482
2016-09-30,17:00,0356100504,2016,GS,101,3.34581
2016-09-30,17:00,0359427035,2016,GS,101,7.64907
2016-09-30,17:00,0359701805,2016,GS,101,41.5895
2016-09-30,17:00,0360119080,2016,GS,101,73.0658
2016-09-30,17:00,0360401307,2016,GS,101,53.0753
2016-09-30,17:00,0361400100,2015,GS,101,64.3778
2016-09-30,17:00,0363100172,2016,GS,101,148.752
2016-09-30,17:00,0363124163,2016,GS,101,21.6935
2016-09-30,17:00,0369050073,2015,GS,101,1.28499
2016-09-30,17:00,0369050073,2016,GS,101,1.75673
2016-09-30,17:00,0373389023,2016,GS,101,8.11007
2016-09-30,17:00,0381081072,2016,GS,101,0.350881
2016-09-30,17:00,0381144181,2016,GS,101,17.6073
2016-09-30,17:00,0388501101,2016,GS,101,11.8086
2016-09-30,17:00,0403900702,2015,GS,101,8.49606
2016-09-30,17:00,0403900702,2016,GS,101,11.1309
2016-09-30,17:00,0406800804,2016,GS,101,35.7263
2016-09-30,17:00,0417295008,2016,GS,101,16.8585
2016-09-30,17:00,0426145128,2016,GS,101,314.345
2016-09-30,17:00,0428105060,2016,GS,101,17.9746
2016-09-30,17:00,0435025095,2016,GS,101,7.02845
2016-09-30,17:00,0438084023,2016,GS,101,0.0580738
2016-09-30,17:00,0445001006,2016,GS,101,1.1745
2016-09-30,17:00,0447008059,2016,GS,101,16.476
2016-09-30,17:00,0448306036,2016,GS,101,11.3328
2016-09-30,17:00,0448901022,2016,GS,101,7.83361
2016-09-30,17:00,0451030112,2016,GS,101,42.0687
2016-09-30,17:00,0454400700,2016,PD,157,235.029
2016-09-30,17:00,0462001145,2016,GS,101,8.72565
2016-09-30,17:00,0463991022,2016,GS,101,19.6039
2016-09-30,17:00,0467054066,2016,HT,151,1858.14
2016-09-30,17:00,0468024124,2016,GS,101,17.8098
2016-09-30,17:00,0469301806,2016,GS,101,121.413
2016-09-30,17:00,0479001011,2016,GS,101,28.6814
2016-09-30,17:00,0481001109,2016,GS,101,215.763
2016-09-30,17:00,0482600807,2016,GS,101,82.0359
2016-09-30,17:00,0483130178,2016,GS,101,23.6937
2016-09-30,17:00,0488600902,2016,GS,101,3.75256
2016-09-30,17:00,0496160019,2016,GS,101,0.618647
2016-09-30,17:00,0507118327,2016,GS,101,19.2847
2016-09-30,17:00,0524601002,2016,GS,101,89.9203
2016-09-30,17:00,0538891011,2015,GS,101,271.586
2016-09-30,17:00,0538891011,2016,GS,101,345.706
2016-09-30,17:00,0541800700,2016,GS,101,9.38985
2016-09-30,17:00,0547138054,2016,GS,101,27.8246
2016-09-30,17:00,0558084021,2015,GS,101,0.417195
2016-09-30,17:00,0558084021,2016,GS,101,0.515982
2016-09-30,17:00,0563001105,2016,GS,101,124.933
2016-09-30,17:00,0575162122,2016,GS,101,29.2466
2016-09-30,17:00,0578750008,2016,GS,101,68.6402
2016-09-30,17:00,0578801006,2015,GS,101,12.1118
2016-09-30,17:00,0578801006,2016,GS,101,11.988
2016-09-30,17:00,0585701306,2016,GS,101,2.51049
2016-09-30,17:00,0591115061,2016,GS,101,20.4264
2016-09-30,17:00,0597055046,2016,GS,101,3.53835
2016-09-30,17:00,0597093117,2015,HT,151,1064.39
2016-09-30,17:00,0597093117,2016,HT,151,1125.55
2016-09-30,17:00,0606010100,2016,GS,101,24.0745
2016-09-30,17:00,0611140099,2016,GS,101,32.4544
2016-09-30,17:00,0619200906,2016,GS,101,10.783
2016-09-30,17:00,0620101209,2016,GS,101,0.446188
2016-09-30,17:00,0624498031,2016,GS,101,11.2446
2016-09-30,17:00,0625600204,2016,GS,101,0.60389
2016-09-30,17:00,0628001720,2016,GS,101,3.89693
2016-09-30,17:00,0633001007,2015,GS,101,178.05
2016-09-30,17:00,0633001007,2016,GS,101,141.07
2016-09-30,17:00,0634201904,2016,GS,101,0.031959
2016-09-30,17:00,0646900608,2015,GS,101,31.8639
2016-09-30,17:00,0646900608,2016,GS,101,31.3982
2016-09-30,17:00,0651600308,2015,HT,151,228.036
2016-09-30,17:00,0651600308,2016,HT,151,231.327
2016-09-30,17:00,0663012084,2016,GS,101,58.2565
2016-09-30,17:00,0663501009,2016,PD,157,89.2895
2016-09-30,17:00,0673600302,2016,GS,101,29.9141
2016-09-30,17:00,0673900906,2016,HT,151,51.4958
2016-09-30,17:00,0673910006,2015,GS,101,1.37449
2016-09-30,17:00,0673910006,2016,GS,101,1.27374
2016-09-30,17:00,0675501502,2015,GS,101,17.928
2016-09-30,17:00,0675501502,2016,GS,101,18.5455
2016-09-30,17:00,0678784015,2016,GS,101,13.8368
2016-09-30,17:00,0679032047,2016,GS,101,188.848
2016-09-30,17:00,0683855012,2016,GS,101,22.8317
2016-09-30,17:00,0696171043,2016,GS,101,13.0878
2016-09-30,17:00,0709200709,2016,GS,101,1.47258
2016-09-30,17:00,0719134022,2016,GS,101,52.9647
2016-09-30,17:00,0723158165,2016,GS,101,54.6651
2016-09-30,17:00,0725700504,2016,HT,151,491.414
2016-09-30,17:00,0729801808,2016,GS,101,94.6913
2016-09-30,17:00,0735104015,2016,GS,101,0.0474554
2016-09-30,17:00,0737701802,2016,GS,101,7.73708
2016-09-30,17:00,0738099020,2015,HT,151,281.433
2016-09-30,17:00,0738099020,2016,HT,151,280.81
2016-09-30,17:00,0754202204,2016,GS,101,1.30794
2016-09-30,17:00,0756300807,2016,GS,101,87.5549
2016-09-30,17:00,0757501802,2015,GS,101,11.2391
2016-09-30,17:00,0757501802,2016,GS,101,9.37165
2016-09-30,17:00,0758301802,2016,GS,101,56.6939
2016-09-30,17:00,0758401516,2015,GS,101,0.102838
2016-09-30,17:00,0758401516,2016,GS,101,0.114555
2016-09-30,17:00,0759135110,2016,GS,101,46.2804
2016-09-30,17:00,0760210017,2016,GS,101,5.02389
2016-09-30,17:00,0762200904,2015,GS,101,0.715835
2016-09-30,17:00,0762200904,2016,GS,101,0.957425
2016-09-30,17:00,0762800702,2016,GS,101,49.786
2016-09-30,17:00,0763801905,2015,GS,101,5.10808
2016-09-30,17:00,0763801905,2016,GS,101,3.80983
2016-09-30,17:00,0767074019,2016,GS,101,2.98993
2016-09-30,17:00,0772701603,2016,GS,101,176.511
2016-09-30,17:00,0785015027,2016,GS,101,9.42786
2016-09-30,17:00,0789700706,2016,GS,101,24.8735
2016-09-30,17:00,0791827006,2016,GS,101,65.6357
2016-09-30,17:00,0793501200,2016,GS,101,25.1272
2016-09-30,17:00,0793701707,2016,GS,101,92.9375
2016-09-30,17:00,0802501600,2016,GS,101,13.6807
2016-09-30,17:00,0802755059,2016,GS,101,205.412
2016-09-30,17:00,0805308016,2016,GS,101,37.2618
2016-09-30,17:00,0807900900,2016,GS,101,0.407108
2016-09-30,17:00,0828017054,2016,GS,101,145.227
2016-09-30,17:00,0829392001,2016,GS,101,30.521
2016-09-30,17:00,0833129025,2016,GS,101,14.6956
2016-09-30,17:00,0833600507,2015,GS,101,21.9939
2016-09-30,17:00,0833600507,2016,GS,101,22.7102
2016-09-30,17:00,0836900703,2016,GS,101,3.59882
2016-09-30,17:00,0846001201,2015,GS,101,522.185
2016-09-30,17:00,0846001201,2016,GS,101,541.973
2016-09-30,17:00,0856206061,2015,GS,101,19.9579
2016-09-30,17:00,0856206061,2016,GS,101,18.6639
2016-09-30,17:00,0869101202,2016,GS,101,0.443559
2016-09-30,17:00,0871901601,2015,GS,101,8.63763
2016-09-30,17:00,0871901601,2016,GS,101,9.09141
2016-09-30,17:00,0882100509,2016,GS,101,30.3493
2016-09-30,17:00,0883001008,2016,GS,101,55.7471
2016-09-30,17:00,0895400107,2016,GS,101,1.43795
2016-09-30,17:00,0896400301,2016,GS,101,41.1829
2016-09-30,17:00,0929800707,2016,GS,101,2.85615
2016-09-30,17:00,0935600500,2016,GS,101,0.328867
2016-09-30,17:00,0939000303,2016,GS,101,0.331001
2016-09-30,17:00,0942700603,2016,PD,157,107.39
2016-09-30,17:00,0942900601,2016,GS,101,4.10793
2016-09-30,17:00,0943900404,2015,GS,101,0.460158
2016-09-30,17:00,0943900404,2016,GS,101,0.42297
2016-09-30,17:00,0944700707,2016,GS,101,17.764
2016-09-30,17:00,0947601513,2016,GS,101,33.3739
2016-09-30,17:00,0961600105,2016,GS,101,38.7574
2016-09-30,17:00,0964800704,2015,HT,151,537.675
2016-09-30,17:00,0966009049,2016,GS,101,26.6245
2016-09-30,17:00,0968301406,2016,GS,101,28.9683
2016-09-30,17:00,0968826002,2016,GS,101,266.156
2016-09-30,17:00,0969007109,2016,GS,101,287.176
2016-09-30,17:00,0973141061,2015,HT,151,718.526
2016-09-30,17:00,0973300309,2015,HT,151,369.251
2016-09-30,17:00,0973300309,2016,HT,151,322.247
2016-09-30,17:00,0975028105,2016,GS,101,88.1947
2016-09-30,17:00,0987979000,2015,GS,101,11.5771
2016-09-30,17:00,0987979000,2016,GS,101,13.3278
2016-09-30,17:00,0992701304,2016,GS,101,10.9365
2016-09-30,17:00,0992865013,2016,GS,101,20.993
2016-09-30,17:00,1011000505,2016,GS,101,156.427
2016-09-30,17:00,1011149260,2016,GS,101,13.342
2016-09-30,17:00,1011900301,2016,GS,101,130.605
2016-09-30,17:00,1012366032,2016,GS,101,38.4193
2016-09-30,17:00,1014085012,2016,GS,101,8.9308
2016-09-30,17:00,1015595026,2016,GS,101,132.175
2016-09-30,17:00,1022801200,2016,GS,101,1.0974
2016-09-30,17:00,1038101409,2016,GS,101,0.288061
2016-09-30,17:00,1039300601,2015,HT,151,534.821
2016-09-30,17:00,1039300601,2016,HT,151,540.687
2016-09-30,17:00,1041500106,2016,GS,101,95.7067
2016-09-30,17:00,1065926008,2015,GS,101,1.13104
2016-09-30,17:00,1065926008,2016,GS,101,0.36797
2016-09-30,17:00,1068032021,2016,GS,101,89.404
2016-09-30,17:00,1068048010,2016,GS,101,403.833
2016-09-30,17:00,1068114028,2016,GS,101,5.9556
2016-09-30,17:00,1069790013,2016,GS,101,5.51477
2016-09-30,17:00,1071149053,2015,HT,151,1480.05
2016-09-30,17:00,1071149053,2016,HT,151,1560.72
2016-09-30,17:00,1072701509,2016,GS,101,2.43876
2016-09-30,17:00,1084316031,2016,GS,101,6.09124
2016-09-30,17:00,1093501909,2016,GS,101,10.5382
2016-09-30,17:00,1098941015,2016,GS,101,98.3615
2016-09-30,17:00,1099800502,2016,GS,101,120.397
2016-09-30,17:00,1104600307,2016,GS,101,25.0208
2016-09-30,17:00,1111430035,2016,GS,101,4.66475
2016-09-30,17:00,1124800303,2016,GS,101,9.72428
2016-09-30,17:00,1129500902,2015,GS,101,688.975
2016-09-30,17:00,1129500902,2016,GS,101,677.1
2016-09-30,17:00,1135788092,2015,GS,101,10.3049
2016-09-30,17:00,1135788092,2016,GS,101,8.06978
2016-09-30,17:00,1137001703,2015,GS,101,12.5132
2016-09-30,17:00,1148201209,2016,GS,101,0.100541
2016-09-30,17:00,1155600700,2015,GS,101,907.67
2016-09-30,17:00,1155600700,2016,GS,101,842.368
2016-09-30,17:00,1156201202,2015,HT,151,863.021
2016-09-30,17:00,1156201202,2016,HT,151,744.166
2016-09-30,17:00,1187811008,2016,GS,101,17.0161
2016-09-30,17:00,1193590029,2016,GS,101,37.9113
2016-09-30,17:00,1202212012,2015,GS,101,6.60201
2016-09-30,17:00,1202212012,2016,GS,101,6.45481
2016-09-30,17:00,1202900805,2016,GS,101,1.95258
2016-09-30,17:00,1206300508,2016,HT,151,738.781
2016-09-30,17:00,1207000509,2016,GS,101,99.0291
2016-09-30,17:00,1215035136,2016,GS,101,18.8566
2016-09-30,17:00,1224827008,2016,GS,101,11.4491
2016-09-30,17:00,1227800108,2016,GS,101,15.7768
2016-09-30,17:00,1238500901,2016,GS,101,7.41183
2016-09-30,17:00,1239301107,2016,GS,101,0.705474
2016-09-30,17:00,1243077108,2016,GS,101,44.4538
2016-09-30,17:00,1251801508,2016,GS,101,3.58234
2016-09-30,17:00,1251900401,2016,GS,101,8.6448
2016-09-30,17:00,1266901505,2016,GS,101,6.42233
2016-09-30,17:00,1275401609,2016,GS,101,4.0221
2016-09-30,17:00,1278301702,2016,GS,101,62.9723
2016-09-30,17:00,1291000709,2016,GS,101,4.51236
2016-09-30,17:00,1292401310,2016,GS,101,12.9199
2016-09-30,17:00,1298053041,2016,GS,101,74.6151
2016-09-30,17:00,1308171067,2015,HT,151,123.317
2016-09-30,17:00,1308171067,2016,HT,151,130.818
2016-09-30,17:00,1321027008,2015,HT,151,368.724
2016-09-30,17:00,1321027008,2016,HT,151,372.081
2016-09-30,17:00,1324600105,2016,GS,101,147.731
2016-09-30,17:00,1328400607,2015,GS,101,1.05079
2016-09-30,17:00,1328400607,2016,GS,101,2.10045
2016-09-30,17:00,1332301903,2016,GS,101,0.87189
2016-09-30,17:00,1333701603,2015,GS,101,8.98439
2016-09-30,17:00,1343117038,2016,GS,101,0.718418
2016-09-30,17:00,1351000701,2016,GS,101,7.29015
2016-09-30,17:00,1358700308,2015,GS,101,6.49432
2016-09-30,17:00,1363034094,2015,HT,151,501.225
2016-09-30,17:00,1363034094,2016,HT,151,504.165
2016-09-30,17:00,1364401709,2016,GS,101,0.393169
2016-09-30,17:00,1377137106,2015,GS,101,17.7601
2016-09-30,17:00,1377137106,2016,GS,101,21.5669
2016-09-30,17:00,1377656044,2016,GS,101,3.93986
2016-09-30,17:00,1378600209,2016,GS,101,41.4045
2016-09-30,17:00,1378820020,2016,GS,101,198.805
2016-09-30,17:00,1379336063,2016,GS,101,1.31668
2016-09-30,17:00,1382201703,2016,GS,101,0.313602
2016-09-30,17:00,1382701708,2016,GS,101,41.8181
2016-09-30,17:00,1384300807,2016,GS,101,123.072
2016-09-30,17:00,1385501204,2016,GS,101,8.81377
2016-09-30,17:00,1389900702,2016,GS,101,22.473
2016-09-30,17:00,1392429025,2016,HT,151,253.795
2016-09-30,17:00,1393089098,2016,GS,101,5.53911
2016-09-30,17:00,1403153070,2016,GS,101,23.2844
2016-09-30,17:00,1405901206,2016,GS,101,1.49271
2016-09-30,17:00,1407138079,2016,GS,101,110.887
2016-09-30,17:00,1411901017,2016,GS,101,13.1007
2016-09-30,17:00,1412527015,2016,GS,101,118.178
2016-09-30,17:00,1419900903,2016,GS,101,10.5818
2016-09-30,17:00,1423462025,2016,HT,151,918.855
2016-09-30,17:00,1445871028,2016,GS,101,4.10701
2016-09-30,17:00,1447700602,2016,GS,101,1.96244
2016-09-30,17:00,1448201301,2016,GS,101,1.49555
2016-09-30,17:00,1456000405,2016,GS,101,17.3163
2016-09-30,17:00,1457001108,2016,GS,101,3.59221
2016-09-30,17:00,1457284026,2015,GS,101,56.8467
2016-09-30,17:00,1457284026,2016,GS,101,142.2
2016-09-30,17:00,1458901606,2016,GS,101,1.26678
2016-09-30,17:00,1486794013,2015,GS,101,1.31977
2016-09-30,17:00,1486794013,2016,GS,101,1.28817
2016-09-30,17:00,1503170037,2016,GS,101,10.8563
2016-09-30,17:00,1504001802,2016,GS,101,5.6561
2016-09-30,17:00,1506101209,2016,GS,101,13.0311
2016-09-30,17:00,1515861034,2015,GS,101,488.298
2016-09-30,17:00,1515900203,2016,GS,101,89.3842
2016-09-30,17:00,1539052055,2016,GS,101,40.5065
2016-09-30,17:00,1539700802,2016,GS,101,13.409
2016-09-30,17:00,1548001104,2016,GS,101,9.15355
2016-09-30,17:00,1555101509,2015,GS,101,20.3665
2016-09-30,17:00,1555101509,2016,GS,101,18.4715
2016-09-30,17:00,1556719004,2016,GS,101,22.8315
2016-09-30,17:00,1573700909,2016,GS,101,12.903
2016-09-30,17:00,1575062011,2016,GS,101,20.7098
2016-09-30,17:00,1578023034,2016,GS,101,16.7778
2016-09-30,17:00,1581000204,2015,HT,151,818.79
2016-09-30,17:00,1583579052,2016,GS,Null,0.
2016-09-30,17:00,1583801407,2016,PD,157,120.152
2016-09-30,17:00,1588501203,2016,GS,101,117.58
2016-09-30,17:00,1590552016,2016,GS,101,21.0058
2016-09-30,17:00,1610802005,2016,GS,101,10.3462
2016-09-30,17:00,1623012207,2016,GS,101,21.8783
2016-09-30,17:00,1629800409,2016,GS,101,1.37136
2016-09-30,17:00,1630435014,2016,GS,101,36.0407
2016-09-30,17:00,1630700809,2016,GS,101,164.811
2016-09-30,17:00,1630901209,2016,GS,101,24.1142
2016-09-30,17:00,1647023033,2016,GS,101,17.9316
2016-09-30,17:00,1668200207,2015,GS,101,1.51579
2016-09-30,17:00,1674901001,2016,GS,101,22.7615
2016-09-30,17:00,1686223013,2016,GS,101,37.433
2016-09-30,17:00,1687600506,2015,GS,101,1.49149
2016-09-30,17:00,1687600506,2016,GS,101,2.51784
2016-09-30,17:00,1687700202,2016,GS,101,30.6179
2016-09-30,17:00,1688001607,2015,GS,Null,0.
2016-09-30,17:00,1688001607,2016,GS,Null,0.
2016-09-30,17:00,1688300703,2016,GS,101,1.38699
2016-09-30,17:00,1688400800,2016,GS,101,27.2129
2016-09-30,17:00,1693800405,2016,HT,151,420.347
2016-09-30,17:00,1703001203,2016,GS,101,1.18998
2016-09-30,17:00,1711591053,2016,GS,101,4.74377
2016-09-30,17:00,1715501104,2016,GS,101,204.874
2016-09-30,17:00,1718700900,2016,GS,101,122.946
2016-09-30,17:00,1719401303,2015,HT,151,397.923
2016-09-30,17:00,1719401303,2016,HT,151,399.738
2016-09-30,17:00,1723501705,2016,GS,101,40.3719
2016-09-30,17:00,1730461052,2016,GS,101,9.59275
2016-09-30,17:00,1732827012,2015,GS,101,7.07545
2016-09-30,17:00,1732827012,2016,GS,101,7.34345
2016-09-30,17:00,1733855029,2016,GS,101,0.727272
2016-09-30,17:00,1757101501,2015,HT,151,733.022
2016-09-30,17:00,1757701300,2016,GS,101,10.572
2016-09-30,17:00,1764741005,2016,GS,101,171.395
2016-09-30,17:00,1766200806,2016,GS,101,1.41777
2016-09-30,17:00,1780160028,2016,GS,101,12.0141
2016-09-30,17:00,1781678038,2016,GS,101,6.84714
2016-09-30,17:00,1803100906,2016,GS,101,7.01596
2016-09-30,17:00,1803901603,2016,GS,101,33.9194
2016-09-30,17:00,1808100308,2016,GS,101,15.6381
2016-09-30,17:00,1810501808,2016,GS,101,25.9386
2016-09-30,17:00,1811400700,2016,GS,101,91.0834
2016-09-30,17:00,1811873016,2016,GS,101,7.7537
2016-09-30,17:00,1812563019,2016,GS,101,73.0872
2016-09-30,17:00,1813219029,2016,GS,101,2.01712
2016-09-30,17:00,1814795055,2016,GS,101,29.3061
2016-09-30,17:00,1817701801,2016,GS,101,17.5245
2016-09-30,17:00,1821901909,2016,GS,101,0.274634
2016-09-30,17:00,1831089001,2016,GS,101,52.4949
2016-09-30,17:00,1833168032,2016,GS,101,133.106
2016-09-30,17:00,1840502109,2016,GS,101,89.0575
2016-09-30,17:00,1862901306,2016,GS,101,0.263065
2016-09-30,17:00,1864200505,2016,GS,101,3.02615
2016-09-30,17:00,1865082105,2016,GS,101,22.3377
2016-09-30,17:00,1866500703,2016,GS,101,26.2218
2016-09-30,17:00,1872401809,2015,GS,101,3.15745
2016-09-30,17:00,1872401809,2016,GS,101,2.81796
2016-09-30,17:00,1876600809,2015,PD,157,470.763
2016-09-30,17:00,1876600809,2016,PD,157,481.544
2016-09-30,17:00,1883200809,2016,GS,101,38.2686
2016-09-30,17:00,1885800407,2015,GS,101,36.0452
2016-09-30,17:00,1885800407,2016,GS,101,39.6499
2016-09-30,17:00,1893081145,2016,GS,Null,0.
2016-09-30,17:00,1896602119,2016,GS,101,36.9646
2016-09-30,17:00,1897500600,2016,GS,101,31.6016
2016-09-30,17:00,1901500101,2016,GS,101,159.625
2016-09-30,17:00,1901678029,2016,HT,151,97.6977
2016-09-30,17:00,1902001005,2016,GS,101,246.621
2016-09-30,17:00,1905072005,2016,GS,101,14.3827
2016-09-30,17:00,1906300200,2016,GS,101,6.54271
2016-09-30,17:00,1908601408,2015,GS,101,14.0971
2016-09-30,17:00,1908601408,2016,GS,101,14.1374
2016-09-30,17:00,1919800208,2016,GS,101,67.0388
2016-09-30,17:00,1920001800,2016,GS,101,22.9268
2016-09-30,17:00,1931027012,2016,GS,101,15.6481
2016-09-30,17:00,1939800509,2016,GS,101,141.393
2016-09-30,17:00,1942500702,2016,GS,101,85.2099
2016-09-30,17:00,1947300605,2016,GS,101,2.75392
2016-09-30,17:00,1963501306,2016,GS,101,4.90274
2016-09-30,17:00,1966033000,2016,GS,101,24.4395
2016-09-30,17:00,1976875001,2016,GS,101,1.19781
2016-09-30,17:00,1995602002,2016,GS,101,74.385
2016-09-30,17:00,1995709004,2016,GS,101,14.8658
2016-09-30,17:00,2000301308,2016,GS,101,34.5249
2016-09-30,17:00,2001260011,2016,GS,101,8.96864
2016-09-30,17:00,2003059070,2016,GS,101,35.8769
2016-09-30,17:00,2003576030,2016,GS,101,32.5053
2016-09-30,17:00,2010201102,2016,GS,101,51.7709
2016-09-30,17:00,2023700209,2016,GS,101,11.3808
2016-09-30,17:00,2024701304,2016,GS,101,125.507
2016-09-30,17:00,2026900807,2015,GS,101,156.54
2016-09-30,17:00,2026900807,2016,GS,101,149.669
2016-09-30,17:00,2027082026,2016,GS,101,4.83647
2016-09-30,17:00,2040900201,2016,GS,101,1.5645
2016-09-30,17:00,2044800703,2016,GS,101,30.6121
2016-09-30,17:00,2049301207,2015,GS,101,21.1078
2016-09-30,17:00,2049301207,2016,GS,101,18.9182
2016-09-30,17:00,2067200906,2016,GS,101,10.0939
2016-09-30,17:00,2080069005,2015,GS,101,6.82269
2016-09-30,17:00,2080069005,2016,GS,101,6.91466
2016-09-30,17:00,2083600909,2016,GS,101,224.363
2016-09-30,17:00,2087278002,2016,GS,101,8.57912
2016-09-30,17:00,2088057007,2016,GS,101,32.7289
2016-09-30,17:00,2089100304,2016,GS,101,59.5054
2016-09-30,17:00,2089534012,2016,GS,101,6.9595
2016-09-30,17:00,2104302600,2015,GS,101,12.9101
2016-09-30,17:00,2104302600,2016,GS,101,12.5372
2016-09-30,17:00,2113437006,2016,GS,101,303.563
2016-09-30,17:00,2119600607,2016,GS,101,10.5469
2016-09-30,17:00,2120801309,2016,GS,101,8.02795
2016-09-30,17:00,2122601708,2016,GS,101,36.2516
2016-09-30,17:00,2127011074,2015,HT,151,176.089
2016-09-30,17:00,2127011074,2016,HT,151,359.684
2016-09-30,17:00,2131800600,2016,GS,101,1.21373
2016-09-30,17:00,2134800203,2016,PD,157,82.3283
2016-09-30,17:00,2142102112,2016,GS,101,10.0736
2016-09-30,17:00,2152109041,2015,GS,101,31.8908
2016-09-30,17:00,2152109041,2016,GS,101,24.6682
2016-09-30,17:00,2152600902,2016,GS,101,164.73
2016-09-30,17:00,2165502306,2016,GS,101,0.932016
2016-09-30,17:00,2173601809,2016,GS,101,9.15508
2016-09-30,17:00,2173900200,2016,GS,101,7.59528
2016-09-30,17:00,2176301208,2016,GS,101,0.103751
2016-09-30,17:00,2179700600,2016,GS,101,0.175327
2016-09-30,17:00,2180306005,2016,GS,101,2.22482
2016-09-30,17:00,2180400905,2016,GS,101,7.3015
2016-09-30,17:00,2187201206,2015,GS,101,14.1809
2016-09-30,17:00,2187201206,2016,GS,101,12.8774
2016-09-30,17:00,2192700408,2016,GS,Null,0.
2016-09-30,17:00,2199320059,2016,GS,101,5.18962
2016-09-30,17:00,2202821012,2016,GS,101,151.315
2016-09-30,17:00,2207602109,2016,PD,157,97.4755
2016-09-30,17:00,2211100705,2015,HT,151,400.025
2016-09-30,17:00,2211100705,2016,HT,151,377.774
2016-09-30,17:00,2228401402,2016,GS,101,33.5822
2016-09-30,17:00,2228801603,2016,GS,101,40.5324
2016-09-30,17:00,2253160040,2015,GS,101,11.6125
2016-09-30,17:00,2253160040,2016,GS,101,11.4938
2016-09-30,17:00,2253578006,2015,HT,151,249.515
2016-09-30,17:00,2253578006,2016,HT,151,241.958
2016-09-30,17:00,2262170009,2016,GS,101,58.7209
2016-09-30,17:00,2281401508,2016,GS,101,31.4585
2016-09-30,17:00,2285321013,2016,GS,101,17.8275
2016-09-30,17:00,2285451016,2015,GS,101,0.674307
2016-09-30,17:00,2298127190,2016,GS,101,0.56935
2016-09-30,17:00,2301001483,2016,GS,101,1.8231
2016-09-30,17:00,2301801109,2016,GS,101,0.549946
2016-09-30,17:00,2305902000,2016,GS,101,4.99581
2016-09-30,17:00,2306001605,2016,GS,101,19.8491
2016-09-30,17:00,2312701401,2015,HT,151,559.999
2016-09-30,17:00,2319131025,2015,GS,101,115.386
2016-09-30,17:00,2322800400,2016,GS,101,2.0126
2016-09-30,17:00,2324801806,2016,GS,101,63.7715
2016-09-30,17:00,2331789025,2016,GS,101,8.95455
2016-09-30,17:00,2332200708,2016,GS,101,4.00685
2016-09-30,17:00,2334300106,2016,GS,101,78.3185
2016-09-30,17:00,2349201300,2016,GS,101,15.1617
2016-09-30,17:00,2377825013,2016,GS,101,11.5708
2016-09-30,17:00,2385520054,2016,GS,101,15.8337
2016-09-30,17:00,2386139011,2016,GS,101,11.0766
2016-09-30,17:00,2395201606,2016,GS,101,28.768
2016-09-30,17:00,2431500108,2016,GS,101,38.9437
2016-09-30,17:00,2431501900,2015,GS,101,0.842014
2016-09-30,17:00,2431501900,2016,GS,101,0.781052
2016-09-30,17:00,2431800604,2015,GS,101,0.504492
2016-09-30,17:00,2433069091,2016,GS,101,25.4836
2016-09-30,17:00,2444201014,2016,GS,101,48.241
2016-09-30,17:00,2444201719,2015,HT,151,430.536
2016-09-30,17:00,2444201719,2016,HT,151,446.964
2016-09-30,17:00,2444300201,2016,PD,157,57.4074
2016-09-30,17:00,2444700207,2015,HT,151,682.222
2016-09-30,17:00,2444700207,2016,HT,151,614.438
2016-09-30,17:00,2450600900,2016,GS,101,10.1871
2016-09-30,17:00,2459400306,2016,GS,101,7.0897
2016-09-30,17:00,2475000707,2016,GS,101,10.4568
2016-09-30,17:00,2475400909,2016,GS,101,12.6118
2016-09-30,17:00,2477201103,2016,GS,101,0.501419
2016-09-30,17:00,2480900209,2016,GS,101,9.97997
2016-09-30,17:00,2486001204,2016,GS,101,2.07824
2016-09-30,17:00,2489101403,2016,GS,101,7.23917
2016-09-30,17:00,2490801609,2016,GS,101,7.18771
2016-09-30,17:00,2492621013,2016,GS,101,10.2969
2016-09-30,17:00,2494600506,2016,GS,101,16.49
2016-09-30,17:00,2509300700,2016,GS,101,30.1533
2016-09-30,17:00,2512902109,2016,GS,101,21.295
2016-09-30,17:00,2516042007,2016,GS,101,108.523
2016-09-30,17:00,2538901604,2016,GS,101,28.5482
2016-09-30,17:00,2539702015,2016,GS,101,50.568
2016-09-30,17:00,2540201803,2015,HT,151,1065.82
2016-09-30,17:00,2540201803,2016,HT,151,998.119
2016-09-30,17:00,2562200407,2015,GS,101,19.8802
2016-09-30,17:00,2578648005,2016,GS,101,49.4963
2016-09-30,17:00,2582409007,2016,GS,101,16.979
2016-09-30,17:00,2582817018,2016,PD,157,83.1999
2016-09-30,17:00,2599401406,2016,GS,101,65.9085
2016-09-30,17:00,2613114099,2016,GS,101,100.082
2016-09-30,17:00,2617114004,2016,GS,101,36.7849
2016-09-30,17:00,2622229021,2015,HT,151,1153.65
2016-09-30,17:00,2622229021,2016,HT,151,1193.75
2016-09-30,17:00,2627043021,2016,HT,151,179.996
2016-09-30,17:00,2631101106,2016,GS,101,1.00858
2016-09-30,17:00,2642501500,2016,GS,101,12.9505
2016-09-30,17:00,2643054113,2016,GS,101,6.48282
2016-09-30,17:00,2643100406,2016,GS,101,5.62455
2016-09-30,17:00,2643101600,2016,GS,101,4.84968
2016-09-30,17:00,2645301300,2016,GS,101,1.96769
2016-09-30,17:00,2646124041,2016,GS,101,42.0209
2016-09-30,17:00,2647100700,2016,GS,101,28.5841
2016-09-30,17:00,2652801105,2016,GS,101,3.85876
2016-09-30,17:00,2653201001,2016,GS,101,0.914779
2016-09-30,17:00,2658601505,2016,GS,101,5.15652
2016-09-30,17:00,2659027033,2015,GS,101,347.917
2016-09-30,17:00,2659027033,2016,GS,101,283.8
2016-09-30,17:00,2662614004,2016,GS,101,6.22461
2016-09-30,17:00,2667057027,2015,HT,151,746.888
2016-09-30,17:00,2672900201,2016,GS,101,110.018
2016-09-30,17:00,2686590010,2015,GS,101,330.197
2016-09-30,17:00,2691101306,2016,GS,101,31.9333
2016-09-30,17:00,2691801309,2016,HT,151,282.089
2016-09-30,17:00,2695568026,2016,GS,101,3.58489
2016-09-30,17:00,2699600109,2016,HT,151,216.294
2016-09-30,17:00,2704201404,2016,GS,101,18.4852
2016-09-30,17:00,2706359062,2016,GS,101,5.66415
2016-09-30,17:00,2706689010,2015,GS,101,0.274074
2016-09-30,17:00,2706689010,2016,GS,101,0.338312
2016-09-30,17:00,2713095037,2016,GS,101,39.1834
2016-09-30,17:00,2714001806,2016,GS,101,33.3536
2016-09-30,17:00,2720301604,2015,GS,101,8.09216
2016-09-30,17:00,2720301604,2016,GS,101,6.50997
2016-09-30,17:00,2720600808,2016,GS,101,10.3869
2016-09-30,17:00,2722601402,2016,GS,101,7.22354
2016-09-30,17:00,2732400208,2016,GS,101,8.49469
2016-09-30,17:00,2735500308,2016,GS,101,27.8927
2016-09-30,17:00,2737301608,2016,GS,101,6.60819
2016-09-30,17:00,2739539052,2016,GS,101,287.791
2016-09-30,17:00,2741000506,2015,GS,101,0.91113
2016-09-30,17:00,2741000506,2016,GS,101,0.578644
2016-09-30,17:00,2741600305,2016,GS,101,34.1436
2016-09-30,17:00,2743502104,2016,GS,101,136.63
2016-09-30,17:00,2746000701,2016,GS,101,60.534
2016-09-30,17:00,2751185003,2016,GS,101,3.21185
2016-09-30,17:00,2753601504,2015,GS,101,74.9464
2016-09-30,17:00,2753601504,2016,GS,101,45.4618
2016-09-30,17:00,2785301206,2016,GS,101,5.27193
2016-09-30,17:00,2791256018,2016,GS,101,115.488
2016-09-30,17:00,2791801708,2016,GS,101,0.780353
2016-09-30,17:00,2793000204,2016,GS,101,23.9356
2016-09-30,17:00,2793300407,2016,GS,101,31.8674
2016-09-30,17:00,2803801505,2016,GS,101,38.7283
2016-09-30,17:00,2804900807,2015,HT,151,231.789
2016-09-30,17:00,2817101056,2015,GS,107,27.8489
2016-09-30,17:00,2818166104,2016,GS,101,25.5329
2016-09-30,17:00,2824100206,2016,GS,101,23.5342
2016-09-30,17:00,2825900900,2016,GS,101,5.10999
2016-09-30,17:00,2826601303,2015,GS,101,0.869812
2016-09-30,17:00,2826601303,2016,GS,101,0.791505
2016-09-30,17:00,2829901607,2015,HT,151,450.914
2016-09-30,17:00,2829901607,2016,HT,151,418.247
2016-09-30,17:00,2829901705,2015,HT,151,406.906
2016-09-30,17:00,2829901705,2016,HT,151,400.055
2016-09-30,17:00,2830200809,2016,GS,101,224.294
2016-09-30,17:00,2830391021,2016,GS,101,79.862
2016-09-30,17:00,2841658000,2016,GS,101,16.0846
2016-09-30,17:00,2842093003,2016,GS,101,22.8306
2016-09-30,17:00,2848301907,2016,GS,101,50.9396
2016-09-30,17:00,2849701509,2016,HT,151,516.397
2016-09-30,17:00,2853137089,2016,GS,101,51.2989
2016-09-30,17:00,2880075027,2016,GS,101,37.6062
2016-09-30,17:00,2892257084,2016,GS,101,60.9758
2016-09-30,17:00,2893721010,2016,GS,101,69.762
2016-09-30,17:00,2908801405,2016,GS,101,24.9811
2016-09-30,17:00,2912744008,2016,GS,101,0.628504
2016-09-30,17:00,2922701005,2016,GS,101,115.946
2016-09-30,17:00,2925000202,2015,GS,101,0.591762
2016-09-30,17:00,2925000202,2016,GS,101,0.481305
2016-09-30,17:00,2925004013,2016,GS,101,6.04711
2016-09-30,17:00,2925300405,2016,HT,151,27.3171
2016-09-30,17:00,2925601401,2016,GS,101,56.5444
2016-09-30,17:00,2926201109,2016,GS,101,25.8204
2016-09-30,17:00,2926600605,2016,GS,101,36.8393
2016-09-30,17:00,2930800400,2016,GS,101,2.8516
2016-09-30,17:00,2931300608,2016,GS,101,70.6198
2016-09-30,17:00,2931432005,2016,GS,101,38.7625
2016-09-30,17:00,2931600302,2016,HT,151,83.4918
2016-09-30,17:00,2950801407,2016,PD,157,290.601
2016-09-30,17:00,2954940019,2016,GS,101,200.489
2016-09-30,17:00,2958064029,2016,GS,101,16.3158
2016-09-30,17:00,2978370019,2016,GS,101,22.0461
2016-09-30,17:00,2982300200,2016,GS,101,100.979
2016-09-30,17:00,2987065003,2016,GS,101,12.1622
2016-09-30,17:00,2998889000,2016,GS,101,15.5149
2016-09-30,17:00,3001100905,2016,GS,101,159.578
2016-09-30,17:00,3004959025,2016,GS,101,1.73003
2016-09-30,17:00,3015629010,2016,GS,101,0.207021
2016-09-30,17:00,3021307016,2015,GS,101,10.5299
2016-09-30,17:00,3021307016,2016,GS,101,12.6785
2016-09-30,17:00,3024901203,2015,GS,101,11.7228
2016-09-30,17:00,3024901203,2016,GS,101,10.4382
2016-09-30,17:00,3041357192,2016,GS,101,56.1392
2016-09-30,17:00,3042201202,2015,GS,101,1.31306
2016-09-30,17:00,3042201202,2016,GS,101,0.147553
2016-09-30,17:00,3042579049,2016,GS,101,19.4509
2016-09-30,17:00,3043162057,2016,GS,101,142.356
2016-09-30,17:00,3049800701,2016,GS,101,7.35221
2016-09-30,17:00,3050300900,2015,GS,101,1.01576
2016-09-30,17:00,3050300900,2016,GS,101,0.896291
2016-09-30,17:00,3050301507,2015,GS,101,0.672648
2016-09-30,17:00,3063100102,2016,GS,101,164.132
2016-09-30,17:00,3076201004,2015,GS,101,36.915
2016-09-30,17:00,3076201004,2016,GS,101,38.4954
2016-09-30,17:00,3102401300,2016,GS,101,15.4056
2016-09-30,17:00,3102857002,2016,GS,101,74.8243
2016-09-30,17:00,3131739013,2016,GS,101,4.79037
2016-09-30,17:00,3136701403,2015,GS,101,5.68683
2016-09-30,17:00,3136701403,2016,GS,101,6.11226
2016-09-30,17:00,3138105140,2016,GS,101,27.4137
2016-09-30,17:00,3139301900,2016,PD,157,188.609
2016-09-30,17:00,3149501701,2015,GS,101,3.52953
2016-09-30,17:00,3149501701,2016,GS,101,3.04586
2016-09-30,17:00,3179100909,2016,GS,101,23.9005
2016-09-30,17:00,3186801005,2016,GS,101,2.1949
2016-09-30,17:00,3187800406,2016,GS,101,15.471
2016-09-30,17:00,3191001502,2016,GS,101,1.4973
2016-09-30,17:00,3208100103,2016,GS,101,0.242883
2016-09-30,17:00,3217801703,2016,GS,101,0.246497
2016-09-30,17:00,3234201116,2016,HT,151,691.523
2016-09-30,17:00,3235701608,2016,GS,101,38.6521
2016-09-30,17:00,3235846002,2016,GS,101,2.06468
2016-09-30,17:00,3238000708,2015,GS,101,14.7223
2016-09-30,17:00,3238000708,2016,GS,101,11.097
2016-09-30,17:00,3243136168,2016,GS,101,37.3602
2016-09-30,17:00,3250401101,2016,GS,101,22.463
2016-09-30,17:00,3258004039,2016,GS,101,114.435
2016-09-30,17:00,3261500402,2016,GS,101,4.10347
2016-09-30,17:00,3263600602,2016,GS,101,6.14766
2016-09-30,17:00,3267143110,2016,GS,101,104.911
2016-09-30,17:00,3268000206,2016,GS,101,5.72165
2016-09-30,17:00,3275645016,2015,GS,101,6.2335
2016-09-30,17:00,3275645016,2016,GS,101,5.95978
2016-09-30,17:00,3303165052,2016,GS,101,83.7401
2016-09-30,17:00,3306001301,2016,HT,151,388.63
2016-09-30,17:00,3308500704,2016,GS,101,4.07538
2016-09-30,17:00,3309701503,2015,GS,101,7.78723
2016-09-30,17:00,3309701503,2016,GS,101,7.38472
2016-09-30,17:00,3318000405,2016,GS,101,16.3201
2016-09-30,17:00,3321817004,2016,GS,101,523.636
2016-09-30,17:00,3322400305,2015,GS,101,29.3156
2016-09-30,17:00,3322400305,2016,GS,101,26.2714
2016-09-30,17:00,3324000500,2016,GS,101,21.1886
2016-09-30,17:00,3332870017,2016,GS,101,7.34943
2016-09-30,17:00,3341439006,2016,GS,101,29.3875
2016-09-30,17:00,3349400601,2016,GS,101,106.304
2016-09-30,17:00,3350501803,2016,GS,101,35.3431
2016-09-30,17:00,3351001708,2016,GS,101,60.2293
2016-09-30,17:00,3351501507,2016,GS,101,164.765
2016-09-30,17:00,3363100801,2016,GS,101,23.3727
2016-09-30,17:00,3363700100,2016,GS,101,16.6822
2016-09-30,17:00,3364823015,2016,GS,101,56.4288
2016-09-30,17:00,3365154019,2016,GS,101,33.4657
2016-09-30,17:00,3367301505,2016,GS,101,16.4001
2016-09-30,17:00,3368301200,2016,GS,101,12.6664
2016-09-30,17:00,3369500804,2016,GS,101,1.57492
2016-09-30,17:00,3372000206,2016,GS,101,14.4891
2016-09-30,17:00,3392601528,2016,GS,101,33.6571
2016-09-30,17:00,3396323035,2016,GS,101,13.0282
2016-09-30,17:00,3403124231,2016,GS,101,103.508
2016-09-30,17:00,3403701452,2015,GS,101,300.645
2016-09-30,17:00,3403701452,2016,GS,101,286.393
2016-09-30,17:00,3405400503,2016,GS,101,1.05069
2016-09-30,17:00,3412200609,2016,GS,101,0.623543
2016-09-30,17:00,3412701006,2016,GS,101,35.9045
2016-09-30,17:00,3414000108,2016,GS,101,4.58485
2016-09-30,17:00,3418000500,2016,GS,101,27.1295
2016-09-30,17:00,3418800502,2015,GS,101,2.63403
2016-09-30,17:00,3418800502,2016,GS,101,4.66638
2016-09-30,17:00,3421501606,2016,GS,101,5.95757
2016-09-30,17:00,3439917015,2016,GS,101,8.68566
2016-09-30,17:00,3440400500,2015,GS,101,26.1498
2016-09-30,17:00,3440400500,2016,GS,101,20.4308
2016-09-30,17:00,3442832003,2016,GS,101,27.1925
2016-09-30,17:00,3445012058,2016,GS,101,180.459
2016-09-30,17:00,3487188020,2016,GS,101,2.51332
2016-09-30,17:00,3493201109,2015,GS,101,1.83784
2016-09-30,17:00,3493201109,2016,GS,101,0.961138
2016-09-30,17:00,3502412029,2016,GS,101,1.60148
2016-09-30,17:00,3510601204,2016,GS,101,31.7293
2016-09-30,17:00,3511629005,2016,GS,101,3.50994
2016-09-30,17:00,3524700900,2016,GS,101,53.3119
2016-09-30,17:00,3540101803,2016,GS,101,4.41923
2016-09-30,17:00,3543602008,2016,GS,101,0.0736959
2016-09-30,17:00,3548601400,2016,GS,101,44.6526
2016-09-30,17:00,3550300400,2015,HT,151,1201.28
2016-09-30,17:00,3550666033,2016,GS,101,8.51439
2016-09-30,17:00,3554601104,2016,GS,101,13.1371
2016-09-30,17:00,3556801349,2016,GS,101,16.612
2016-09-30,17:00,3568900503,2016,GS,101,5.77683
2016-09-30,17:00,3569000207,2016,GS,101,3.54618
2016-09-30,17:00,3572401509,2016,GS,101,275.141
2016-09-30,17:00,3573300509,2016,GS,101,14.7418
2016-09-30,17:00,3579102301,2016,HT,151,558.495
2016-09-30,17:00,3580129043,2016,GS,101,3.26992
2016-09-30,17:00,3580201309,2016,GS,101,10.4839
2016-09-30,17:00,3586951012,2016,GS,101,3.42562
2016-09-30,17:00,3596400304,2015,GS,101,8.98459
2016-09-30,17:00,3596400304,2016,GS,101,9.46119
2016-09-30,17:00,3596457012,2015,GS,101,5.25732
2016-09-30,17:00,3596457012,2016,GS,101,6.65964
2016-09-30,17:00,3599100105,2016,GS,101,3.38577
2016-09-30,17:00,3602700904,2015,GS,101,23.4141
2016-09-30,17:00,3602700904,2016,GS,101,21.7439
2016-09-30,17:00,3603040056,2016,R,113,151.579
2016-09-30,17:00,3603501609,2016,GS,101,4.51281
2016-09-30,17:00,3628301706,2016,GS,101,5.30139
2016-09-30,17:00,3639102090,2016,GS,101,0.935171
2016-09-30,17:00,3650301103,2016,GS,101,31.9418
2016-09-30,17:00,3650870039,2016,GS,101,28.4605
2016-09-30,17:00,3658163059,2016,GS,101,32.4574
2016-09-30,17:00,3658701647,2016,GS,101,7.66662
2016-09-30,17:00,3659279001,2016,GS,101,41.4931
2016-09-30,17:00,3662619064,2015,GS,101,8.08539
2016-09-30,17:00,3662619064,2016,GS,101,8.23517
2016-09-30,17:00,3667384075,2016,GS,101,1.84094
2016-09-30,17:00,3669000606,2015,GS,101,0.946133
2016-09-30,17:00,3669000606,2016,GS,101,0.856114
2016-09-30,17:00,3673049005,2016,GS,101,13.1913
2016-09-30,17:00,3673875014,2016,GS,101,62.8
2016-09-30,17:00,3673982005,2016,GS,101,7.30377
2016-09-30,17:00,3674165026,2016,GS,101,43.468
2016-09-30,17:00,3677502021,2016,GS,101,22.2956
2016-09-30,17:00,3691701005,2016,GS,101,10.8262
2016-09-30,17:00,3699001559,2016,GS,101,1.41803
2016-09-30,17:00,3714701309,2016,GS,101,2.45159
2016-09-30,17:00,3714801004,2016,GS,101,2.15213
2016-09-30,17:00,3722301609,2016,GS,101,26.209
2016-09-30,17:00,3723571161,2016,GS,101,45.8127
2016-09-30,17:00,3724800807,2016,GS,101,0.103332
2016-09-30,17:00,3725141009,2016,GS,101,0.451203
2016-09-30,17:00,3726300308,2016,GS,101,2.23421
2016-09-30,17:00,3747100208,2016,GS,101,97.368
2016-09-30,17:00,3765073071,2015,HT,151,385.752
2016-09-30,17:00,3765891015,2016,GS,101,24.6352
2016-09-30,17:00,3768370004,2016,GS,101,59.505
2016-09-30,17:00,3776400605,2016,GS,101,49.4559
2016-09-30,17:00,3797501707,2016,GS,101,1.68747
2016-09-30,17:00,3798100808,2016,GS,101,4.90118
2016-09-30,17:00,3800496023,2016,PD,157,119.533
2016-09-30,17:00,3809701405,2016,GS,101,2.29993
2016-09-30,17:00,3811129051,2016,GS,101,15.7395
2016-09-30,17:00,3820501501,2016,GS,101,3.90557
2016-09-30,17:00,3822633011,2016,GS,101,56.2962
2016-09-30,17:00,3822900700,2016,GS,101,0.41646
2016-09-30,17:00,3826702505,2016,GS,101,1.00365
2016-09-30,17:00,3848700903,2016,GS,101,0.38092
2016-09-30,17:00,3852901403,2015,GS,101,0.0389858
2016-09-30,17:00,3853009090,2015,GS,101,12.744
2016-09-30,17:00,3853009090,2016,GS,101,11.542
2016-09-30,17:00,3853202103,2016,HT,151,305.552
2016-09-30,17:00,3854600403,2016,GS,101,117.271
2016-09-30,17:00,3859601009,2015,GS,101,493.685
2016-09-30,17:00,3859601009,2016,GS,101,257.842
2016-09-30,17:00,3859648028,2016,GS,101,182.336
2016-09-30,17:00,3860100806,2015,GS,101,11.4073
2016-09-30,17:00,3867400103,2016,GS,101,10.7624
2016-09-30,17:00,3867700707,2016,PD,157,262.252
2016-09-30,17:00,3870352045,2016,GS,101,15.1187
2016-09-30,17:00,3871500408,2016,GS,101,4.96152
2016-09-30,17:00,3873029123,2016,GS,101,4.58078
2016-09-30,17:00,3875501809,2016,GS,101,12.7068
2016-09-30,17:00,3879401303,2016,GS,101,6.05905
2016-09-30,17:00,3881800306,2016,GS,101,9.85832
2016-09-30,17:00,3886934008,2016,GS,101,13.0316
2016-09-30,17:00,3903003086,2016,GS,101,19.2958
2016-09-30,17:00,3903700407,2016,GS,101,3.34437
2016-09-30,17:00,3906300404,2015,GS,101,18.7529
2016-09-30,17:00,3906300404,2016,GS,101,19.8797
2016-09-30,17:00,3912304069,2016,GS,101,10.3434
2016-09-30,17:00,3912900503,2016,GS,101,7.5411
2016-09-30,17:00,3915300502,2015,GS,101,36.2971
2016-09-30,17:00,3915300502,2016,GS,101,38.1236
2016-09-30,17:00,3925201306,2015,GS,101,24.5444
2016-09-30,17:00,3925201306,2016,GS,101,23.0331
2016-09-30,17:00,3930901201,2016,PD,157,86.5099
2016-09-30,17:00,3937900804,2016,GS,101,11.7487
2016-09-30,17:00,3938500708,2016,GS,101,24.9852
2016-09-30,17:00,3940400304,2015,GS,101,681.66
2016-09-30,17:00,3940400304,2016,GS,101,706.594
2016-09-30,17:00,3941402006,2016,GS,101,86.138
2016-09-30,17:00,3942675008,2016,GS,101,123.472
2016-09-30,17:00,3943691015,2016,GS,101,0.250794
2016-09-30,17:00,3949901602,2015,GS,101,0.333893
2016-09-30,17:00,3949901602,2016,GS,101,0.359975
2016-09-30,17:00,3962002056,2016,GS,101,7.98793
2016-09-30,17:00,3970300605,2016,GS,101,0.556309
2016-09-30,17:00,3974222013,2016,GS,101,8.70041
2016-09-30,17:00,3976101603,2015,HT,151,498.759
2016-09-30,17:00,3977301903,2016,GS,101,3.20266
2016-09-30,17:00,3978301206,2015,GS,101,0.485512
2016-09-30,17:00,3978301206,2016,GS,101,0.540263
2016-09-30,17:00,3979521011,2016,GS,101,200.398
2016-09-30,17:00,3983501400,2015,GS,101,8.25494
2016-09-30,17:00,3983501400,2016,GS,101,8.06001
2016-09-30,17:00,3988000101,2015,GS,101,16.3613
2016-09-30,17:00,3991101005,2016,GS,101,106.749
2016-09-30,17:00,3992900408,2016,GS,101,34.4066
2016-09-30,17:00,4004901703,2016,GS,101,12.8968
2016-09-30,17:00,4007100705,2015,GS,101,19.7466
2016-09-30,17:00,4008400309,2016,GS,101,8.29092
2016-09-30,17:00,4022800208,2016,GS,101,2.39046
2016-09-30,17:00,4024101601,2016,GS,101,0.519604
2016-09-30,17:00,4028700108,2016,GS,101,0.874558
2016-09-30,17:00,4032801509,2016,GS,101,42.6051
2016-09-30,17:00,4032801705,2016,GS,101,0.193058
2016-09-30,17:00,4036700904,2016,GS,101,6.77326
2016-09-30,17:00,4037200701,2016,GS,101,0.0955858
2016-09-30,17:00,4055600807,2016,GS,101,149.799
2016-09-30,17:00,4059000501,2015,GS,101,6.12181
2016-09-30,17:00,4059000501,2016,GS,101,7.84502
2016-09-30,17:00,4059701601,2016,GS,101,28.7989
2016-09-30,17:00,4076000408,2016,GS,101,15.4088
2016-09-30,17:00,4085001701,2016,GS,101,37.0294
2016-09-30,17:00,4085100104,2016,GS,101,0.0904123
2016-09-30,17:00,4085700803,2016,GS,101,37.0208
2016-09-30,17:00,4091432007,2016,GS,101,0.76442
2016-09-30,17:00,4105003007,2016,GS,101,42.6853
2016-09-30,17:00,4105600908,2016,GS,101,43.6095
2016-09-30,17:00,4109101405,2016,GS,101,9.08264
2016-09-30,17:00,4109107024,2016,GS,101,35.1424
2016-09-30,17:00,4111444005,2016,GS,101,5.51661
2016-09-30,17:00,4115835002,2015,GS,101,6.94988
2016-09-30,17:00,4115835002,2016,GS,101,6.81589
2016-09-30,17:00,4119100101,2016,GS,101,10.8132
2016-09-30,17:00,4124271016,2015,GS,101,1.69083
2016-09-30,17:00,4124271016,2016,GS,101,1.57483
2016-09-30,17:00,4125400604,2016,GS,101,3.88638
2016-09-30,17:00,4129200109,2015,GS,101,24.0354
2016-09-30,17:00,4129200109,2016,GS,101,21.5407
2016-09-30,17:00,4129200804,2016,GS,101,12.5991
2016-09-30,17:00,4146200906,2016,GS,101,10.0409
2016-09-30,17:00,4162101100,2016,GS,101,4.40327
2016-09-30,17:00,4162901406,2016,GS,101,19.4853
2016-09-30,17:00,4163000100,2016,GS,101,32.5282
2016-09-30,17:00,4169401102,2016,GS,101,18.8608
2016-09-30,17:00,4195493017,2016,GS,101,5.4418
2016-09-30,17:00,4196101108,2016,GS,101,333.958
2016-09-30,17:00,4196200803,2016,GS,101,5.01505
2016-09-30,17:00,4201201506,2016,GS,101,14.8088
2016-09-30,17:00,4203501000,2016,GS,101,1.72984
2016-09-30,17:00,4204301509,2016,GS,101,38.8418
2016-09-30,17:00,4215600308,2016,GS,101,21.8433
2016-09-30,17:00,4225100106,2016,GS,101,2.20382
2016-09-30,17:00,4225101702,2016,GS,101,10.0903
2016-09-30,17:00,4231607019,2016,GS,101,32.3245
2016-09-30,17:00,4240000400,2015,GS,101,12.5695
2016-09-30,17:00,4240000400,2016,GS,101,14.3516
2016-09-30,17:00,4249471050,2016,GS,101,20.9873
2016-09-30,17:00,4250900605,2016,GS,101,9.50686
2016-09-30,17:00,4262301106,2016,GS,101,21.4861
2016-09-30,17:00,4271012003,2016,GS,101,0.318652
2016-09-30,17:00,4274300200,2015,GS,101,11.557
2016-09-30,17:00,4274300200,2016,GS,101,10.8856
2016-09-30,17:00,4280400402,2016,GS,101,3.23485
2016-09-30,17:00,4283600501,2016,GS,101,100.632
2016-09-30,17:00,4296597016,2016,GS,101,14.7741
2016-09-30,17:00,4316701302,2015,HT,151,613.342
2016-09-30,17:00,4316701302,2016,HT,151,647.847
2016-09-30,17:00,4339500101,2016,GS,101,48.0532
2016-09-30,17:00,4345001807,2015,HT,151,509.168
2016-09-30,17:00,4351600800,2016,GS,101,258.262
2016-09-30,17:00,4351701201,2016,GS,101,123.133
2016-09-30,17:00,4373201004,2016,HT,151,128.11
2016-09-30,17:00,4376902009,2015,HT,151,1821.38
2016-09-30,17:00,4376902009,2016,HT,151,1843.71
2016-09-30,17:00,4381036008,2016,GS,101,15.4247
2016-09-30,17:00,4381186021,2016,GS,101,20.6481
2016-09-30,17:00,4385300507,2016,GS,101,12.8916
2016-09-30,17:00,4385300703,2016,GS,101,0.233222
2016-09-30,17:00,4386701804,2016,GS,101,27.896
2016-09-30,17:00,4387073050,2015,HT,151,655.183
2016-09-30,17:00,4387073050,2016,HT,151,735.735
2016-09-30,17:00,4392094089,2016,GS,101,0.727093
2016-09-30,17:00,4400700109,2016,GS,101,9.64431
2016-09-30,17:00,4403021058,2016,GS,101,2.91921
2016-09-30,17:00,4412601408,2016,GS,101,18.7308
2016-09-30,17:00,4434700705,2016,GS,101,19.8862
2016-09-30,17:00,4466301700,2016,GS,101,1.09535
2016-09-30,17:00,4471801108,2015,GS,101,3.12804
2016-09-30,17:00,4471801108,2016,GS,101,1.81067
2016-09-30,17:00,4471826001,2015,GS,101,71.2998
2016-09-30,17:00,4471826001,2016,GS,101,63.0032
2016-09-30,17:00,4472301316,2015,GS,101,418.077
2016-09-30,17:00,4472400600,2016,GS,101,29.7196
2016-09-30,17:00,4497747032,2016,GS,101,16.8068
2016-09-30,17:00,4503000704,2016,GS,101,1.32237
2016-09-30,17:00,4503301906,2016,GS,101,9.25682
2016-09-30,17:00,4503901508,2016,GS,101,1.38701
2016-09-30,17:00,4507068059,2016,GS,101,10.0547
2016-09-30,17:00,4513601608,2016,GS,101,14.2044
2016-09-30,17:00,4514936035,2016,GS,101,1.14811
2016-09-30,17:00,4522300603,2016,GS,101,4.17389
2016-09-30,17:00,4527000703,2016,GS,101,13.9735
2016-09-30,17:00,4529201109,2016,GS,101,9.08649
2016-09-30,17:00,4530129003,2015,HT,151,863.648
2016-09-30,17:00,4530129003,2016,HT,151,868.125
2016-09-30,17:00,4533901202,2016,GS,101,4.30045
2016-09-30,17:00,4539301107,2016,GS,101,17.1676
2016-09-30,17:00,4542165028,2016,GS,101,0.0373708
2016-09-30,17:00,4547900105,2015,PD,157,847.187
2016-09-30,17:00,4552144022,2016,GS,101,31.2983
2016-09-30,17:00,4557100084,2016,GS,101,10.2309
2016-09-30,17:00,4571601205,2016,GS,101,12.7902
2016-09-30,17:00,4581476097,2016,GS,101,20.0129
2016-09-30,17:00,4586061041,2016,GS,101,8.40789
2016-09-30,17:00,4587901805,2016,GS,101,33.9441
2016-09-30,17:00,4588345059,2016,HT,151,61.0357
2016-09-30,17:00,4594001409,2015,HT,151,383.967
2016-09-30,17:00,4594701705,2016,GS,101,62.5955
2016-09-30,17:00,4595818021,2016,GS,101,61.2851
2016-09-30,17:00,4597000804,2016,GS,101,0.516485
2016-09-30,17:00,4599100809,2016,GS,101,96.2302
2016-09-30,17:00,4599500208,2015,GS,101,23.6768
2016-09-30,17:00,4599500208,2016,GS,101,22.1527
2016-09-30,17:00,4599801302,2016,GS,101,18.8801
2016-09-30,17:00,4608502007,2016,GS,101,87.6426
2016-09-30,17:00,4638800504,2015,GS,101,30.347
2016-09-30,17:00,4638800504,2016,GS,101,2.54948
2016-09-30,17:00,4644546078,2016,GS,101,26.8835
2016-09-30,17:00,4654286016,2016,GS,101,9.54031
2016-09-30,17:00,4655300102,2016,GS,101,4.12596
2016-09-30,17:00,4656800800,2015,GS,101,0.0838665
2016-09-30,17:00,4663400702,2016,GS,101,7.56755
2016-09-30,17:00,4674136026,2016,GS,101,25.6887
2016-09-30,17:00,4677027033,2016,GS,101,73.9158
2016-09-30,17:00,4678127014,2016,GS,101,11.1513
2016-09-30,17:00,4683109082,2016,GS,101,30.9619
2016-09-30,17:00,4683988010,2016,GS,101,11.8698
2016-09-30,17:00,4728398038,2016,PD,157,197.622
2016-09-30,17:00,4734900500,2016,GS,101,56.1568
2016-09-30,17:00,4742000904,2016,GS,101,0.147555
2016-09-30,17:00,4762900903,2016,GS,101,0.50387
2016-09-30,17:00,4763094046,2016,GS,101,52.634
2016-09-30,17:00,4764401404,2015,GS,101,0.118394
2016-09-30,17:00,4764401404,2016,GS,101,0.0940569
2016-09-30,17:00,4766197017,2016,GS,101,5.79661
2016-09-30,17:00,4786101507,2016,GS,101,19.9331
2016-09-30,17:00,4786993015,2016,GS,101,7.54451
2016-09-30,17:00,4787500806,2015,HT,151,729.269
2016-09-30,17:00,4787500806,2016,HT,151,744.816
2016-09-30,17:00,4787501100,2016,GS,101,2.30131
2016-09-30,17:00,4788001005,2016,GS,101,58.572
2016-09-30,17:00,4794500802,2016,HT,151,124.562
2016-09-30,17:00,4803077156,2015,HT,151,3146.82
2016-09-30,17:00,4803077156,2016,HT,151,2882.28
2016-09-30,17:00,4807015107,2016,GS,101,8.39881
2016-09-30,17:00,4817300402,2016,GS,101,181.786
2016-09-30,17:00,4817901904,2016,GS,101,13.9107
2016-09-30,17:00,4835145012,2016,GS,101,2.19067
2016-09-30,17:00,4835401206,2016,GS,101,18.0991
2016-09-30,17:00,4836300108,2016,GS,101,7.25188
2016-09-30,17:00,4845401802,2015,GS,101,15.5326
2016-09-30,17:00,4845401802,2016,GS,101,9.12577
2016-09-30,17:00,4846302007,2016,GS,101,1.24119
2016-09-30,17:00,4849800703,2016,GS,101,9.40084
2016-09-30,17:00,4852622027,2016,GS,101,0.482886
2016-09-30,17:00,4871995009,2016,GS,101,0.180141
2016-09-30,17:00,4873801007,2016,GS,101,9.31316
2016-09-30,17:00,4885100508,2016,GS,101,8.78879
2016-09-30,17:00,4906501801,2015,GS,101,0.808127
2016-09-30,17:00,4906501801,2016,GS,101,0.802018
2016-09-30,17:00,4923160109,2016,GS,101,15.3919
2016-09-30,17:00,4932400809,2016,GS,101,5.79436
2016-09-30,17:00,4936201008,2016,GS,101,30.0282
2016-09-30,17:00,4940746005,2016,GS,101,2.55503
2016-09-30,17:00,4949524005,2016,GS,101,14.1774
2016-09-30,17:00,4956501502,2016,GS,101,1.50876
2016-09-30,17:00,4963601400,2016,GS,101,20.3119
2016-09-30,17:00,4982600900,2016,GS,Null,0.
2016-09-30,17:00,4984202105,2016,GS,101,27.2177
2016-09-30,17:00,4986900506,2016,HT,151,285.725
2016-09-30,17:00,4989301202,2016,GS,101,23.7716
2016-09-30,17:00,4995251015,2015,HT,151,1704.69
2016-09-30,17:00,4995251015,2016,HT,151,2845.54
2016-09-30,17:00,5003800804,2016,GS,101,41.5503
2016-09-30,17:00,5004100104,2016,HT,151,399.549
2016-09-30,17:00,5021093000,2016,GS,101,11.3877
2016-09-30,17:00,5022892025,2016,GS,101,12.2079
2016-09-30,17:00,5032695029,2016,GS,101,18.1959
2016-09-30,17:00,5032901204,2016,GS,101,79.2444
2016-09-30,17:00,5038057005,2016,GS,101,6.48442
2016-09-30,17:00,5046901008,2016,GS,101,13.4665
2016-09-30,17:00,5060101203,2015,GS,101,0.419628
2016-09-30,17:00,5061301209,2016,GS,101,323.683
2016-09-30,17:00,5073011083,2016,GS,101,39.1878
2016-09-30,17:00,5073700602,2015,GS,101,0.361254
2016-09-30,17:00,5073700602,2016,GS,101,0.642573
2016-09-30,17:00,5077933008,2015,GS,101,0.817858
2016-09-30,17:00,5077933008,2016,GS,101,0.863423
2016-09-30,17:00,5085024081,2016,GS,107,34.9821
2016-09-30,17:00,5086054038,2016,GS,101,19.6675
2016-09-30,17:00,5090300806,2016,GS,101,0.735631
2016-09-30,17:00,5090405016,2016,GS,101,57.7414
2016-09-30,17:00,5093303073,2016,GS,101,3.22779
2016-09-30,17:00,5103200906,2015,HT,151,729.891
2016-09-30,17:00,5106701404,2016,GS,101,2.47915
2016-09-30,17:00,5114014000,2016,GS,101,9.95649
2016-09-30,17:00,5117023001,2016,GS,101,8.91212
2016-09-30,17:00,5119501908,2016,GS,101,189.622
2016-09-30,17:00,5121568004,2016,GS,101,6.06022
2016-09-30,17:00,5125300506,2016,GS,101,111.08
2016-09-30,17:00,5134300508,2015,GS,101,242.09
2016-09-30,17:00,5134300508,2016,GS,101,279.87
2016-09-30,17:00,5151500608,2016,GS,101,45.5117
2016-09-30,17:00,5158901403,2016,GS,101,62.0188
2016-09-30,17:00,5160601206,2016,GS,101,0.202203
2016-09-30,17:00,5167601103,2016,HT,151,214.237
2016-09-30,17:00,5178401503,2016,GS,101,73.6664
2016-09-30,17:00,5179101504,2015,HT,151,334.197
2016-09-30,17:00,5179101504,2016,HT,151,302.391
2016-09-30,17:00,5181858001,2015,GS,101,7.53281
2016-09-30,17:00,5181858001,2016,GS,101,7.94998
2016-09-30,17:00,5196800708,2015,GS,101,7.40865
2016-09-30,17:00,5196800708,2016,GS,101,5.04216
2016-09-30,17:00,5197301407,2016,GS,101,0.258421
2016-09-30,17:00,5200400908,2016,GS,101,18.5195
2016-09-30,17:00,5205200507,2015,GS,101,3.47909
2016-09-30,17:00,5206349005,2016,GS,101,32.1379
2016-09-30,17:00,5210300203,2016,GS,101,3.02407
2016-09-30,17:00,5213000102,2016,GS,101,24.6903
2016-09-30,17:00,5215067016,2016,GS,101,44.6177
2016-09-30,17:00,5215801206,2015,GS,101,2.73092
2016-09-30,17:00,5215801206,2016,GS,101,2.98929
2016-09-30,17:00,5215901009,2015,GS,101,0.216735
2016-09-30,17:00,5215901009,2016,GS,101,0.128571
2016-09-30,17:00,5216295005,2016,GS,101,33.205
2016-09-30,17:00,5223039133,2016,GS,101,46.638
2016-09-30,17:00,5229200703,2016,HT,151,240.919
2016-09-30,17:00,5229900305,2016,PD,157,302.58
2016-09-30,17:00,5236523037,2016,GS,101,35.9734
2016-09-30,17:00,5269690052,2016,GS,101,61.009
2016-09-30,17:00,5273800607,2016,GS,101,6.59057
2016-09-30,17:00,5274600803,2016,GS,101,23.9504
2016-09-30,17:00,5292801009,2015,GS,101,166.894
2016-09-30,17:00,5292801009,2016,GS,101,177.211
2016-09-30,17:00,5301000203,2016,GS,101,8.18144
2016-09-30,17:00,5328500906,2016,GS,101,5.11324
2016-09-30,17:00,5343901401,2016,GS,101,6.62393
2016-09-30,17:00,5346600809,2016,GS,101,338.928
2016-09-30,17:00,5346900307,2015,HT,151,816.687
2016-09-30,17:00,5346900307,2016,HT,151,804.683
2016-09-30,17:00,5353454006,2015,GS,Null,0.
2016-09-30,17:00,5353454006,2016,GS,Null,0.
2016-09-30,17:00,5366694032,2016,GS,101,12.8264
2016-09-30,17:00,5367601608,2016,GS,101,9.01564
2016-09-30,17:00,5373995008,2016,GS,101,17.0739
2016-09-30,17:00,5382902408,2016,GS,101,0.412381
2016-09-30,17:00,5400855017,2016,GS,101,43.7954
2016-09-30,17:00,5402566022,2015,GS,101,14.1532
2016-09-30,17:00,5402566022,2016,GS,101,14.4543
2016-09-30,17:00,5404400700,2016,GS,101,48.0925
2016-09-30,17:00,5415001503,2016,GS,101,4.55504
2016-09-30,17:00,5418201202,2016,GS,101,109.294
2016-09-30,17:00,5423800109,2016,GS,101,0.657884
2016-09-30,17:00,5429701703,2016,GS,101,179.191
2016-09-30,17:00,5439200101,2016,GS,101,5.66408
2016-09-30,17:00,5442000205,2016,GS,101,3.70203
2016-09-30,17:00,5442001801,2016,GS,101,192.574
2016-09-30,17:00,5453528003,2016,GS,101,16.0616
2016-09-30,17:00,5459983008,2016,GS,101,30.3801
2016-09-30,17:00,5460701600,2015,GS,101,11.0123
2016-09-30,17:00,5460701600,2016,GS,101,11.4275
2016-09-30,17:00,5461600101,2015,GS,101,22.9703
2016-09-30,17:00,5461600101,2016,GS,101,21.9241
2016-09-30,17:00,5475700100,2015,PD,157,686.749
2016-09-30,17:00,5477621047,2016,GS,101,16.9148
2016-09-30,17:00,5486200709,2015,GS,101,389.037
2016-09-30,17:00,5486200709,2016,GS,101,407.617
2016-09-30,17:00,5494701002,2016,GS,101,1.97643
2016-09-30,17:00,5496600606,2015,HT,151,446.521
2016-09-30,17:00,5496600606,2016,HT,151,437.095
2016-09-30,17:00,5512760007,2016,GS,101,7.50006
2016-09-30,17:00,5516000901,2015,GS,101,6.00887
2016-09-30,17:00,5516000901,2016,GS,101,4.31849
2016-09-30,17:00,5523201101,2016,GS,101,25.708
2016-09-30,17:00,5524201706,2016,GS,101,14.099
2016-09-30,17:00,5525000305,2015,GS,101,0.603616
2016-09-30,17:00,5525000305,2016,GS,101,0.700224
2016-09-30,17:00,5525552000,2016,GS,101,26.3546
2016-09-30,17:00,5554700601,2016,GS,101,0.324234
2016-09-30,17:00,5559257023,2015,GS,101,2.30449
2016-09-30,17:00,5559257023,2016,GS,101,1.99974
2016-09-30,17:00,5570500805,2016,GS,101,2.73347
2016-09-30,17:00,5573101508,2016,GS,101,0.706802
2016-09-30,17:00,5601998006,2015,GS,101,11.2619
2016-09-30,17:00,5601998006,2016,GS,101,9.391
2016-09-30,17:00,5610201204,2016,GS,101,391.948
2016-09-30,17:00,5610308001,2015,HT,151,439.753
2016-09-30,17:00,5610308001,2016,HT,151,449.226
2016-09-30,17:00,5612792001,2016,GS,101,23.4235
2016-09-30,17:00,5613755002,2015,HT,151,1753.52
2016-09-30,17:00,5613755002,2016,HT,151,1634.9
2016-09-30,17:00,5622600304,2015,GS,101,175.506
2016-09-30,17:00,5622600304,2016,GS,101,172.788
2016-09-30,17:00,5624002000,2016,GS,101,158.547
2016-09-30,17:00,5631701704,2016,GS,101,25.8195
2016-09-30,17:00,5637701514,2016,GS,101,3.15778
2016-09-30,17:00,5643009059,2016,GS,101,22.5869
2016-09-30,17:00,5653000608,2015,HT,151,165.32
2016-09-30,17:00,5653000608,2016,HT,151,110.191
2016-09-30,17:00,5655009032,2015,HT,151,600.297
2016-09-30,17:00,5677100401,2016,GS,101,55.7448
2016-09-30,17:00,5678000507,2016,GS,101,16.8135
2016-09-30,17:00,5692200908,2016,GS,101,0.278028
2016-09-30,17:00,5708401400,2016,GS,101,181.898
2016-09-30,17:00,5709600201,2016,GS,101,15.8404
2016-09-30,17:00,5709901500,2016,GS,101,185.406
2016-09-30,17:00,5711807069,2016,GS,101,1.55555
2016-09-30,17:00,5742533012,2016,GS,101,118.199
2016-09-30,17:00,5744400503,2015,GS,101,3.69477
2016-09-30,17:00,5744400503,2016,GS,101,5.72588
2016-09-30,17:00,5744901204,2016,GS,101,0.926271
2016-09-30,17:00,5745000808,2016,GS,101,136.556
2016-09-30,17:00,5745301608,2016,GS,101,19.5752
2016-09-30,17:00,5751400704,2016,GS,101,10.7599
2016-09-30,17:00,5756862008,2016,GS,101,42.2034
2016-09-30,17:00,5769200307,2016,GS,101,42.792
2016-09-30,17:00,5784202000,2016,GS,101,11.104
2016-09-30,17:00,5786100507,2015,PD,157,680.028
2016-09-30,17:00,5786100507,2016,PD,157,640.019
2016-09-30,17:00,5786100605,2016,GS,101,27.6393
2016-09-30,17:00,5802901102,2016,GS,101,15.6364
2016-09-30,17:00,5805801106,2015,HT,151,728.744
2016-09-30,17:00,5805801106,2016,HT,151,834.02
2016-09-30,17:00,5815300502,2015,GS,101,6.38083
2016-09-30,17:00,5815300502,2016,GS,101,4.29247
2016-09-30,17:00,5829601037,2016,GS,101,3.3409
2016-09-30,17:00,5832560045,2016,GS,101,54.0065
2016-09-30,17:00,5833500200,2016,GS,101,10.2283
2016-09-30,17:00,5834400502,2015,GS,101,0.72826
2016-09-30,17:00,5834400502,2016,GS,101,0.722725
2016-09-30,17:00,5834785013,2016,GS,101,9.14533
2016-09-30,17:00,5841879020,2016,GS,101,74.084
2016-09-30,17:00,5842865002,2016,GS,101,5.60812
2016-09-30,17:00,5846701101,2015,HT,151,485.94
2016-09-30,17:00,5846701101,2016,HT,151,564.445
2016-09-30,17:00,5846807042,2016,GS,101,39.1583
2016-09-30,17:00,5846901500,2016,GS,101,22.2414
2016-09-30,17:00,5847100703,2016,GS,101,67.0507
2016-09-30,17:00,5848494016,2016,GS,101,4.99635
2016-09-30,17:00,5849901407,2016,GS,101,0.183134
2016-09-30,17:00,5860800905,2015,GS,101,16.7639
2016-09-30,17:00,5860800905,2016,GS,101,15.8771
2016-09-30,17:00,5862108026,2016,GS,101,23.9049
2016-09-30,17:00,5868489002,2016,GS,101,1.39124
2016-09-30,17:00,5879701601,2016,GS,101,0.72554
2016-09-30,17:00,5880000108,2015,GS,101,4.49253
2016-09-30,17:00,5892185111,2016,GS,101,8.40992
2016-09-30,17:00,5892300306,2016,GS,101,3.87525
2016-09-30,17:00,5900701400,2016,GS,101,15.1847
2016-09-30,17:00,5911000502,2016,GS,101,2.82225
2016-09-30,17:00,5915801808,2015,GS,101,17.7598
2016-09-30,17:00,5915801808,2016,GS,101,18.8743
2016-09-30,17:00,5918700207,2016,HT,151,369.076
2016-09-30,17:00,5922901901,2015,HT,151,881.458
2016-09-30,17:00,5933901604,2016,GS,101,1.36064
2016-09-30,17:00,5953000201,2016,GS,101,17.9734
2016-09-30,17:00,5962101601,2016,GS,101,204.553
2016-09-30,17:00,5964701200,2016,GS,101,0.414
2016-09-30,17:00,5971801909,2016,GS,101,66.5055
2016-09-30,17:00,5978686024,2016,GS,101,36.4147
2016-09-30,17:00,5984895002,2016,GS,101,7.91906
2016-09-30,17:00,5991201100,2016,GS,101,94.1663
2016-09-30,17:00,5992401605,2016,GS,101,6.13313
2016-09-30,17:00,5998900706,2016,GS,101,1.56088
2016-09-30,17:00,6004300708,2016,GS,101,0.517621
2016-09-30,17:00,6012700903,2016,GS,101,1.1905
2016-09-30,17:00,6014301804,2016,GS,101,1.74833
2016-09-30,17:00,6014355050,2015,GS,101,18.6607
2016-09-30,17:00,6014355050,2016,GS,101,10.4046
2016-09-30,17:00,6015848009,2016,GS,101,0.816797
2016-09-30,17:00,6017900401,2016,GS,101,39.2535
2016-09-30,17:00,6018101601,2016,GS,101,3.10175
2016-09-30,17:00,6033700400,2016,GS,101,2.13209
2016-09-30,17:00,6041401405,2016,GS,101,6.00342
2016-09-30,17:00,6062000308,2016,PD,157,38.8667
2016-09-30,17:00,6071967010,2016,GS,101,0.0972537
2016-09-30,17:00,6074060063,2016,GS,101,92.022
2016-09-30,17:00,6079200907,2015,GS,101,5.6868
2016-09-30,17:00,6079200907,2016,GS,101,5.04548
2016-09-30,17:00,6086700104,2016,GS,101,67.3304
2016-09-30,17:00,6087330065,2015,HT,151,631.227
2016-09-30,17:00,6093300202,2016,GS,101,2.64431
2016-09-30,17:00,6095635015,2016,GS,101,33.4964
2016-09-30,17:00,6100400801,2015,GS,101,13.6057
2016-09-30,17:00,6101900902,2015,HT,151,354.227
2016-09-30,17:00,6101900902,2016,HT,151,412.239
2016-09-30,17:00,6143401702,2016,GS,101,29.958
2016-09-30,17:00,6143801003,2016,GS,101,0.640537
2016-09-30,17:00,6144012051,2016,GS,101,17.5096
2016-09-30,17:00,6156300706,2016,GS,101,20.9266
2016-09-30,17:00,6160807032,2016,GS,101,51.4213
2016-09-30,17:00,6169301806,2016,GS,101,8.31341
2016-09-30,17:00,6169800205,2015,GS,101,7.69029
2016-09-30,17:00,6169800205,2016,GS,101,7.81543
2016-09-30,17:00,6170101600,2015,GS,101,16.3021
2016-09-30,17:00,6173701207,2016,GS,101,38.8066
2016-09-30,17:00,6187501708,2016,GS,101,2.99973
2016-09-30,17:00,6188016002,2016,GS,101,19.8176
2016-09-30,17:00,6191801404,2016,GS,101,109.074
2016-09-30,17:00,6194504013,2016,GS,101,8.87082
2016-09-30,17:00,6196200204,2016,GS,101,9.08265
2016-09-30,17:00,6201500806,2016,GS,101,5.02554
2016-09-30,17:00,6202000701,2016,GS,101,3.97162
2016-09-30,17:00,6205601903,2016,GS,101,24.0084
2016-09-30,17:00,6215701402,2015,GS,101,10.643
2016-09-30,17:00,6215701402,2016,GS,101,11.3984
2016-09-30,17:00,6232200207,2015,HT,151,348.635
2016-09-30,17:00,6232200207,2016,HT,151,381.83
2016-09-30,17:00,6240901006,2016,GS,101,14.158
2016-09-30,17:00,6242393064,2016,GS,101,39.4741
2016-09-30,17:00,6272274009,2016,GS,101,1.22978
2016-09-30,17:00,6306300100,2016,GS,101,5.7564
2016-09-30,17:00,6308101009,2016,GS,101,1.35892
2016-09-30,17:00,6318048016,2016,GS,101,48.4346
2016-09-30,17:00,6327001000,2015,GS,101,0.231724
2016-09-30,17:00,6327001000,2016,GS,101,0.129612
2016-09-30,17:00,6327838000,2016,GS,101,36.5089
2016-09-30,17:00,6328101301,2016,GS,101,25.5791
2016-09-30,17:00,6328300408,2016,GS,101,261.595
2016-09-30,17:00,6329414008,2016,GS,101,2.08357
2016-09-30,17:00,6333700609,2015,HT,151,357.418
2016-09-30,17:00,6339300502,2016,GS,101,8.56166
2016-09-30,17:00,6343200701,2016,GS,101,0.958371
2016-09-30,17:00,6358689019,2016,GS,101,119.218
2016-09-30,17:00,6364801309,2016,GS,101,522.797
2016-09-30,17:00,6366911002,2016,GS,101,36.266
2016-09-30,17:00,6373898023,2016,GS,101,8.74255
2016-09-30,17:00,6395900401,2016,GS,101,63.6656
2016-09-30,17:00,6401901102,2015,GS,101,5.53447
2016-09-30,17:00,6401901102,2016,GS,101,4.63108
2016-09-30,17:00,6406000101,2015,HT,151,302.604
2016-09-30,17:00,6410300609,2016,GS,101,2.40973
2016-09-30,17:00,6416100500,2016,GS,101,17.4569
2016-09-30,17:00,6418301709,2016,GS,101,17.1977
2016-09-30,17:00,6426900501,2015,GS,101,5.63023
2016-09-30,17:00,6426900501,2016,GS,101,6.0004
2016-09-30,17:00,6435600701,2016,GS,101,19.1111
2016-09-30,17:00,6447835007,2016,GS,101,24.5007
2016-09-30,17:00,6448200502,2016,GS,101,0.510607
2016-09-30,17:00,6450801609,2016,GS,101,13.0835
2016-09-30,17:00,6451400407,2016,GS,101,17.342
2016-09-30,17:00,6451600806,2016,GS,101,24.1632
2016-09-30,17:00,6453222007,2016,GS,101,23.8229
2016-09-30,17:00,6465200105,2016,GS,101,41.9846
2016-09-30,17:00,6478001207,2016,GS,101,2.65683
2016-09-30,17:00,6485701205,2016,GS,101,21.715
2016-09-30,17:00,6498101106,2016,GS,101,2.71808
2016-09-30,17:00,6503601705,2016,GS,101,3.65356
2016-09-30,17:00,6504800604,2016,GS,101,16.0146
2016-09-30,17:00,6505701004,2016,GS,101,12.5119
2016-09-30,17:00,6510700906,2016,GS,101,4.71094
2016-09-30,17:00,6510900101,2016,GS,101,56.8108
2016-09-30,17:00,6515220001,2016,GS,101,17.6428
2016-09-30,17:00,6517401100,2015,GS,101,34.8548
2016-09-30,17:00,6517401100,2016,GS,101,31.0912
2016-09-30,17:00,6525000206,2016,GS,101,16.9666
2016-09-30,17:00,6537300404,2016,GS,101,25.0275
2016-09-30,17:00,6541300905,2016,GS,101,7.74939
2016-09-30,17:00,6563700905,2016,GS,101,7.96686
2016-09-30,17:00,6577301141,2016,GS,101,4.2719
2016-09-30,17:00,6579401208,2016,GS,101,39.1152
2016-09-30,17:00,6580000602,2016,GS,101,335.532
2016-09-30,17:00,6602201601,2016,GS,101,7.69397
2016-09-30,17:00,6603601400,2016,GS,101,64.2177
2016-09-30,17:00,6605700600,2016,GS,101,11.5015
2016-09-30,17:00,6607800703,2016,GS,101,11.1567
2016-09-30,17:00,6611801107,2016,GS,101,33.9877
2016-09-30,17:00,6637962000,2016,GS,101,37.7509
2016-09-30,17:00,6642624044,2016,GS,101,36.362
2016-09-30,17:00,6642901101,2016,PD,157,132.516
2016-09-30,17:00,6689100502,2016,GS,101,27.9554
2016-09-30,17:00,6693114006,2016,GS,101,16.5691
2016-09-30,17:00,6716901201,2016,GS,101,101.801
2016-09-30,17:00,6727395017,2016,GS,101,0.501602
2016-09-30,17:00,6741746043,2016,GS,101,32.7506
2016-09-30,17:00,6743159011,2016,GS,101,1.64295
2016-09-30,17:00,6745323064,2015,GS,101,0.283417
2016-09-30,17:00,6745323064,2016,GS,101,0.329295
2016-09-30,17:00,6757801117,2016,GS,101,17.6283
2016-09-30,17:00,6766401201,2016,GS,101,40.2556
2016-09-30,17:00,6767097018,2016,GS,101,29.7486
2016-09-30,17:00,6767400200,2016,GS,101,38.6597
2016-09-30,17:00,6774400206,2016,GS,101,114.206
2016-09-30,17:00,6787201502,2016,GS,101,16.5607
2016-09-30,17:00,6788605001,2016,GS,101,5.59072
2016-09-30,17:00,6802600506,2016,GS,101,180.943
2016-09-30,17:00,6807301204,2016,GS,101,1.07417
2016-09-30,17:00,6812600408,2015,HT,151,488.724
2016-09-30,17:00,6812600408,2016,HT,151,405.375
2016-09-30,17:00,6815900408,2016,GS,101,111.729
2016-09-30,17:00,6816100404,2016,GS,101,3.87155
2016-09-30,17:00,6816312013,2016,GS,101,1.34354
2016-09-30,17:00,6817101508,2016,PD,157,177.272
2016-09-30,17:00,6819924006,2016,GS,101,16.4888
2016-09-30,17:00,6844500402,2016,GS,101,4.26501
2016-09-30,17:00,6847500307,2016,GS,101,63.6691
2016-09-30,17:00,6850600202,2016,GS,101,14.337
2016-09-30,17:00,6850801502,2015,HT,151,1041.74
2016-09-30,17:00,6858801603,2016,GS,101,16.7688
2016-09-30,17:00,6878201402,2016,GS,101,51.7027
2016-09-30,17:00,6891901603,2016,GS,101,26.9686
2016-09-30,17:00,6894100508,2016,GS,101,6.66187
2016-09-30,17:00,6901643003,2015,GS,101,20.4059
2016-09-30,17:00,6901643003,2016,GS,101,18.7499
2016-09-30,17:00,6911401702,2016,GS,101,74.7696
2016-09-30,17:00,6913398013,2016,GS,101,5.89441
2016-09-30,17:00,6913701705,2016,GS,101,6.23732
2016-09-30,17:00,6921996014,2016,GS,101,1.42876
2016-09-30,17:00,6941200506,2016,GS,101,1.26245
2016-09-30,17:00,6945201604,2016,GS,101,134.008
2016-09-30,17:00,6945224006,2016,GS,101,12.0126
2016-09-30,17:00,6948186003,2016,GS,101,0.284882
2016-09-30,17:00,6950116020,2016,GS,101,18.6185
2016-09-30,17:00,6952494018,2016,GS,101,91.8595
2016-09-30,17:00,6961001701,2015,HT,151,520.81
2016-09-30,17:00,6961001701,2016,HT,151,432.947
2016-09-30,17:00,6962845009,2016,GS,101,18.0284
2016-09-30,17:00,6970548000,2016,GS,101,13.6511
2016-09-30,17:00,6973400106,2016,GS,101,115.234
2016-09-30,17:00,6989400503,2016,GS,101,93.5482
2016-09-30,17:00,7004500705,2016,GS,101,15.1366
2016-09-30,17:00,7011001802,2016,GS,101,0.965993
2016-09-30,17:00,7017701802,2015,GS,101,1.45154
2016-09-30,17:00,7032301002,2016,GS,101,13.0122
2016-09-30,17:00,7033400304,2016,HT,151,351.371
2016-09-30,17:00,7033401205,2016,GS,101,680.74
2016-09-30,17:00,7041016029,2015,GS,101,611.396
2016-09-30,17:00,7041016029,2016,GS,101,581.721
2016-09-30,17:00,7042401108,2016,GS,101,0.686038
2016-09-30,17:00,7071401250,2016,GS,101,174.432
2016-09-30,17:00,7083076043,2016,GS,101,63.4685
2016-09-30,17:00,7083117030,2016,GS,101,14.5875
2016-09-30,17:00,7083600101,2016,GS,101,59.2771
2016-09-30,17:00,7097201006,2016,GS,101,9.86983
2016-09-30,17:00,7113800809,2016,GS,101,13.9277
2016-09-30,17:00,7115102202,2016,GS,101,2.49841
2016-09-30,17:00,7116501608,2016,GS,101,3.09469
2016-09-30,17:00,7120401807,2015,HT,151,474.008
2016-09-30,17:00,7121101504,2016,GS,101,0.440318
2016-09-30,17:00,7126500804,2016,GS,101,12.3621
2016-09-30,17:00,7130001506,2015,GS,101,14.4081
2016-09-30,17:00,7130001506,2016,GS,101,14.171
2016-09-30,17:00,7152166041,2016,GS,101,21.1175
2016-09-30,17:00,7153617001,2016,GS,101,31.0139
2016-09-30,17:00,7159701606,2016,HT,151,242.653
2016-09-30,17:00,7159808024,2015,HT,151,412.747
2016-09-30,17:00,7159808024,2016,HT,151,405.471
2016-09-30,17:00,7168101408,2016,GS,101,81.0441
2016-09-30,17:00,7177771020,2016,GS,101,50.3141
2016-09-30,17:00,7216874017,2015,GS,101,38.2459
2016-09-30,17:00,7216874017,2016,GS,101,36.7703
2016-09-30,17:00,7222610001,2016,GS,101,2.45536
2016-09-30,17:00,7222711003,2016,GS,101,3.42763
2016-09-30,17:00,7223131134,2016,GS,101,26.4104
2016-09-30,17:00,7224701207,2015,GS,101,0.831263
2016-09-30,17:00,7224701207,2016,GS,101,0.567752
2016-09-30,17:00,7237801805,2016,GS,101,1.58767
2016-09-30,17:00,7249601205,2016,GS,101,1.96527
2016-09-30,17:00,7252401103,2016,GS,101,12.5192
2016-09-30,17:00,7255200706,2016,GS,101,35.2828
2016-09-30,17:00,7256100304,2016,GS,101,19.15
2016-09-30,17:00,7256194061,2015,GS,101,9.12334
2016-09-30,17:00,7256194061,2016,GS,101,9.06524
2016-09-30,17:00,7268800909,2016,GS,101,1.23622
2016-09-30,17:00,7280595027,2016,GS,101,10.1406
2016-09-30,17:00,7281102008,2016,GS,101,15.0539
2016-09-30,17:00,7283700507,2016,GS,101,21.9841
2016-09-30,17:00,7284801807,2016,GS,101,20.9529
2016-09-30,17:00,7285901402,2016,GS,101,108.973
2016-09-30,17:00,7291523000,2016,GS,101,3.0576
2016-09-30,17:00,7309700207,2015,GS,101,39.9373
2016-09-30,17:00,7309700207,2016,GS,101,32.5743
2016-09-30,17:00,7323500102,2015,GS,101,14.0888
2016-09-30,17:00,7323500102,2016,GS,101,13.1435
2016-09-30,17:00,7325700105,2016,GS,101,0.0142521
2016-09-30,17:00,7335800103,2016,GS,101,110.04
2016-09-30,17:00,7346700600,2016,GS,101,1.07929
2016-09-30,17:00,7355605012,2016,GS,101,0.995307
2016-09-30,17:00,7357553057,2015,GS,101,26.5067
2016-09-30,17:00,7357553057,2016,GS,101,27.8029
2016-09-30,17:00,7369066005,2016,GS,101,5.34988
2016-09-30,17:00,7371900107,2015,GS,101,5.37941
2016-09-30,17:00,7371900107,2016,GS,101,4.92424
2016-09-30,17:00,7376549019,2016,GS,101,125.184
2016-09-30,17:00,7379500300,2016,GS,101,11.1349
2016-09-30,17:00,7379900805,2016,GS,101,109.776
2016-09-30,17:00,7385100908,2016,GS,101,78.5643
2016-09-30,17:00,7394201506,2016,GS,101,63.0065
2016-09-30,17:00,7394305042,2016,GS,101,10.4178
2016-09-30,17:00,7423139045,2015,GS,101,2.01485
2016-09-30,17:00,7423139045,2016,GS,101,1.61294
2016-09-30,17:00,7424800105,2016,GS,101,4.49134
2016-09-30,17:00,7425701503,2016,GS,101,3.44453
2016-09-30,17:00,7430410046,2016,GS,101,9.94299
2016-09-30,17:00,7432400503,2015,HT,151,177.657
2016-09-30,17:00,7439201108,2016,GS,101,19.8303
2016-09-30,17:00,7439801308,2015,GS,101,0.00612882
2016-09-30,17:00,7441100605,2016,GS,101,24.0991
2016-09-30,17:00,7441701403,2016,GS,101,3.02897
2016-09-30,17:00,7467161009,2016,GS,101,21.132
2016-09-30,17:00,7468901501,2015,HT,151,410.257
2016-09-30,17:00,7468901501,2016,HT,151,384.092
2016-09-30,17:00,7468901707,2016,HT,151,356.071
2016-09-30,17:00,7484458001,2016,GS,101,23.2198
2016-09-30,17:00,7492901404,2016,GS,101,22.4623
2016-09-30,17:00,7497102008,2016,GS,101,6.91181
2016-09-30,17:00,7506500601,2016,GS,101,80.6311
2016-09-30,17:00,7511300505,2016,GS,101,49.4026
2016-09-30,17:00,7521900107,2016,GS,101,4.18291
2016-09-30,17:00,7531601206,2016,GS,101,22.7397
2016-09-30,17:00,7534501005,2016,GS,101,17.7604
2016-09-30,17:00,7535001409,2016,GS,101,94.0316
2016-09-30,17:00,7542383001,2015,GS,101,1.09578
2016-09-30,17:00,7542383001,2016,GS,101,0.14245
2016-09-30,17:00,7547001208,2016,GS,101,1.86261
2016-09-30,17:00,7550298002,2016,GS,101,0.522404
2016-09-30,17:00,7563800404,2016,GS,101,0.919873
2016-09-30,17:00,7563801207,2016,GS,101,0.224221
2016-09-30,17:00,7564301807,2016,GS,101,8.63103
2016-09-30,17:00,7564401904,2016,HT,151,272.115
2016-09-30,17:00,7564881006,2016,GS,101,0.252506
2016-09-30,17:00,7565371018,2016,GS,101,5.8918
2016-09-30,17:00,7567700601,2016,GS,101,0.747858
2016-09-30,17:00,7568487004,2016,GS,101,21.4856
2016-09-30,17:00,7580100502,2016,GS,101,0.39553
2016-09-30,17:00,7583092074,2016,GS,101,24.7371
2016-09-30,17:00,7591400908,2016,GS,101,146.104
2016-09-30,17:00,7593701802,2016,GS,101,97.2991
2016-09-30,17:00,7597089030,2016,GS,101,26.1042
2016-09-30,17:00,7598900908,2016,GS,101,174.899
2016-09-30,17:00,7599301607,2015,HT,151,899.172
2016-09-30,17:00,7599301607,2016,HT,151,1024.32
2016-09-30,17:00,7599701809,2015,HT,151,653.371
2016-09-30,17:00,7599701809,2016,HT,151,504.561
2016-09-30,17:00,7601901008,2016,GS,101,80.0069
2016-09-30,17:00,7609800600,2016,GS,101,1.70781
2016-09-30,17:00,7617159008,2016,GS,101,41.9856
2016-09-30,17:00,7618801708,2016,GS,101,27.9361
2016-09-30,17:00,7625900204,2015,GS,101,9.92375
2016-09-30,17:00,7625900204,2016,GS,101,10.6128
2016-09-30,17:00,7639600404,2015,GS,101,3.50636
2016-09-30,17:00,7640400404,2016,GS,101,15.3312
2016-09-30,17:00,7641901406,2016,GS,101,15.7056
2016-09-30,17:00,7651300705,2015,GS,101,16.9643
2016-09-30,17:00,7651300705,2016,GS,101,16.6355
2016-09-30,17:00,7661001001,2016,PD,157,194.605
2016-09-30,17:00,7672878015,2015,GS,101,0.531946
2016-09-30,17:00,7680485033,2015,GS,101,353.583
2016-09-30,17:00,7680485033,2016,GS,101,330.108
2016-09-30,17:00,7689815000,2016,GS,101,115.56
2016-09-30,17:00,7693800800,2016,GS,101,5.10665
2016-09-30,17:00,7701582002,2016,GS,101,12.7799
2016-09-30,17:00,7702701603,2015,GS,107,6.61639
2016-09-30,17:00,7703476016,2016,GS,101,10.4325
2016-09-30,17:00,7734901007,2016,GS,101,0.419335
2016-09-30,17:00,7738753053,2016,GS,101,18.5796
2016-09-30,17:00,7739500804,2016,GS,101,0.524742
2016-09-30,17:00,7740501106,2016,GS,101,7.4971
2016-09-30,17:00,7742001401,2016,GS,101,0.26162
2016-09-30,17:00,7743501805,2016,GS,101,5.10469
2016-09-30,17:00,7744900203,2016,GS,107,6.87704
2016-09-30,17:00,7746801002,2016,GS,101,8.79804
2016-09-30,17:00,7747001311,2016,GS,101,52.3487
2016-09-30,17:00,7751800600,2016,GS,101,0.933973
2016-09-30,17:00,7755300704,2016,GS,101,8.78177
2016-09-30,17:00,7771540041,2016,GS,101,4.62407
2016-09-30,17:00,7771901303,2016,GS,101,7.04801
2016-09-30,17:00,7796200601,2015,GS,101,11.3669
2016-09-30,17:00,7796200601,2016,GS,101,12.8675
2016-09-30,17:00,7806301107,2016,GS,101,5.61788
2016-09-30,17:00,7815963008,2016,GS,101,133.44
2016-09-30,17:00,7817000607,2016,GS,101,46.4063
2016-09-30,17:00,7822600601,2015,GS,101,0.539667
2016-09-30,17:00,7822600601,2016,GS,101,0.409365
2016-09-30,17:00,7836117015,2016,GS,101,27.9199
2016-09-30,17:00,7842252025,2016,GS,101,10.8198
2016-09-30,17:00,7843700401,2016,GS,101,15.0227
2016-09-30,17:00,7846400103,2016,GS,101,83.9781
2016-09-30,17:00,7848101003,2016,GS,101,1.12526
2016-09-30,17:00,7854100208,2016,GS,101,39.7238
2016-09-30,17:00,7856201005,2016,GS,101,0.927078
2016-09-30,17:00,7867902004,2016,GS,101,1.29038
2016-09-30,17:00,7873600908,2016,GS,101,31.9126
2016-09-30,17:00,7874047012,2015,GS,101,2.35447
2016-09-30,17:00,7874047012,2016,GS,101,1.85247
2016-09-30,17:00,7878002000,2015,GS,101,23.1586
2016-09-30,17:00,7878002000,2016,GS,101,23.8287
2016-09-30,17:00,7881098010,2016,GS,101,8.31461
2016-09-30,17:00,7891700204,2016,GS,101,3.45454
2016-09-30,17:00,7901116020,2016,GS,101,7.63122
2016-09-30,17:00,7902901206,2016,GS,101,106.509
2016-09-30,17:00,7913801507,2016,GS,101,46.3726
2016-09-30,17:00,7917600208,2016,GS,101,231.26
2016-09-30,17:00,7933961004,2016,GS,101,25.9579
2016-09-30,17:00,7935885007,2015,GS,101,15.3768
2016-09-30,17:00,7935885007,2016,GS,101,14.5518
2016-09-30,17:00,7941101300,2016,GS,101,11.0685
2016-09-30,17:00,7947901309,2015,GS,101,9.06183
2016-09-30,17:00,7947901309,2016,GS,101,8.22068
2016-09-30,17:00,7951936018,2015,HT,151,454.678
2016-09-30,17:00,7954701708,2015,GS,101,4.13683
2016-09-30,17:00,7954701708,2016,GS,101,6.18652
2016-09-30,17:00,7955087007,2016,GS,101,3.54608
2016-09-30,17:00,7956700107,2015,GS,101,30.2442
2016-09-30,17:00,7957801407,2016,GS,101,15.8465
2016-09-30,17:00,7981601105,2015,GS,101,19.8825
2016-09-30,17:00,7981601105,2016,GS,101,24.4616
2016-09-30,17:00,7982050025,2015,GS,101,0.401959
2016-09-30,17:00,7989200309,2016,GS,101,17.6531
2016-09-30,17:00,7989601901,2015,HT,151,577.158
2016-09-30,17:00,7989601901,2016,HT,151,591.391
2016-09-30,17:00,7989659062,2016,GS,101,0.717456
2016-09-30,17:00,7990401509,2016,GS,101,2.25098
2016-09-30,17:00,7998600306,2015,GS,101,0.617482
2016-09-30,17:00,8000200901,2016,GS,101,3.56169
2016-09-30,17:00,8011100106,2015,HT,151,536.563
2016-09-30,17:00,8011100106,2016,HT,151,540.398
2016-09-30,17:00,8016200408,2016,GS,101,0.719009
2016-09-30,17:00,8017600607,2016,GS,101,6.87007
2016-09-30,17:00,8020302076,2016,GS,101,41.8534
2016-09-30,17:00,8027900907,2015,GS,101,50.3532
2016-09-30,17:00,8027900907,2016,GS,101,34.8202
2016-09-30,17:00,8042700702,2016,GS,101,0.59092
2016-09-30,17:00,8044000901,2016,GS,101,0.615795
2016-09-30,17:00,8044100508,2016,GS,101,2.96647
2016-09-30,17:00,8048700200,2016,GS,101,0.894422
2016-09-30,17:00,8049700609,2016,GS,101,12.1309
2016-09-30,17:00,8053600201,2016,GS,101,0.36973
2016-09-30,17:00,8054001507,2016,GS,101,9.8775
2016-09-30,17:00,8070900202,2016,GS,101,19.5284
2016-09-30,17:00,8075901102,2016,GS,101,27.0988
2016-09-30,17:00,8078157103,2015,GS,101,12.2265
2016-09-30,17:00,8078157103,2016,GS,101,10.9344
2016-09-30,17:00,8079601303,2015,GS,101,19.3134
2016-09-30,17:00,8079601303,2016,GS,101,16.6572
2016-09-30,17:00,8080289067,2016,GS,101,62.8255
2016-09-30,17:00,8081700808,2016,GS,101,37.7014
2016-09-30,17:00,8084201405,2016,GS,101,3.43863
2016-09-30,17:00,8087300104,2015,PD,157,207.51
2016-09-30,17:00,8087300104,2016,PD,157,197.568
2016-09-30,17:00,8105301906,2015,GS,101,7.5723
2016-09-30,17:00,8105301906,2016,GS,101,7.37158
2016-09-30,17:00,8106202101,2016,GS,101,158.295
2016-09-30,17:00,8136900700,2016,GS,101,4.45413
2016-09-30,17:00,8144200202,2016,GS,101,0.271453
2016-09-30,17:00,8152624030,2015,GS,Null,0.
2016-09-30,17:00,8152624030,2016,GS,Null,0.
2016-09-30,17:00,8155557027,2016,GS,101,48.5398
2016-09-30,17:00,8156701102,2016,GS,101,0.628738
2016-09-30,17:00,8162426019,2015,GS,101,1.58489
2016-09-30,17:00,8162426019,2016,GS,101,1.50378
2016-09-30,17:00,8163201005,2015,GS,101,7.75645
2016-09-30,17:00,8163201005,2016,GS,101,6.98888
2016-09-30,17:00,8165302106,2016,GS,101,0.843543
2016-09-30,17:00,8174500108,2016,GS,101,8.15795
2016-09-30,17:00,8176601502,2016,GS,101,14.7567
2016-09-30,17:00,8177916011,2016,GS,101,0.845191
2016-09-30,17:00,8182801205,2016,GS,101,16.0062
2016-09-30,17:00,8183103020,2015,GS,101,0.451183
2016-09-30,17:00,8183103020,2016,GS,101,0.84542
2016-09-30,17:00,8183119028,2016,GS,101,5.94516
2016-09-30,17:00,8183300600,2016,GS,101,13.7921
2016-09-30,17:00,8186001703,2016,GS,101,1.06929
2016-09-30,17:00,8188800702,2016,PD,157,335.742
2016-09-30,17:00,8191701305,2016,GS,101,17.2069
2016-09-30,17:00,8217222009,2016,GS,101,26.533
2016-09-30,17:00,8223101507,2016,GS,101,1.92429
2016-09-30,17:00,8225194014,2016,GS,101,7.38169
2016-09-30,17:00,8225501606,2016,GS,101,67.9289
2016-09-30,17:00,8256890005,2016,GS,101,30.0367
2016-09-30,17:00,8262100604,2016,GS,101,0.382789
2016-09-30,17:00,8271401219,2015,GS,101,683.064
2016-09-30,17:00,8271401219,2016,GS,101,658.299
2016-09-30,17:00,8272000702,2016,GS,101,0.810873
2016-09-30,17:00,8290601306,2016,GS,101,13.4267
2016-09-30,17:00,8290800305,2016,GS,101,39.7928
2016-09-30,17:00,8298627002,2016,GS,101,22.4142
2016-09-30,17:00,8303058002,2015,GS,101,2.95595
2016-09-30,17:00,8303058002,2016,GS,101,3.61799
2016-09-30,17:00,8303200507,2015,GS,101,0.368127
2016-09-30,17:00,8303200507,2016,GS,101,0.357863
2016-09-30,17:00,8320400607,2016,GS,101,29.5273
2016-09-30,17:00,8323401307,2016,GS,101,0.971392
2016-09-30,17:00,8337100105,2016,GS,101,30.4779
2016-09-30,17:00,8351801304,2016,GS,101,1.8988
2016-09-30,17:00,8353201501,2016,GS,101,0.804557
2016-09-30,17:00,8358801309,2016,GS,101,11.5625
2016-09-30,17:00,8359200607,2016,GS,101,9.35176
2016-09-30,17:00,8362701008,2016,GS,101,15.7856
2016-09-30,17:00,8377301509,2016,GS,101,21.1881
2016-09-30,17:00,8384698040,2016,GS,101,6.00403
2016-09-30,17:00,8392202009,2016,GS,101,150.046
2016-09-30,17:00,8392640012,2015,GS,101,0.435522
2016-09-30,17:00,8392640012,2016,GS,101,0.927681
2016-09-30,17:00,8393501407,2015,HT,151,590.096
2016-09-30,17:00,8393501407,2016,HT,151,602.216
2016-09-30,17:00,8404800703,2016,HT,151,705.166
2016-09-30,17:00,8414500304,2016,GS,101,4.03875
2016-09-30,17:00,8450097022,2016,GS,101,16.4954
2016-09-30,17:00,8451283013,2016,GS,101,1.21605
2016-09-30,17:00,8458901100,2016,GS,101,40.6504
2016-09-30,17:00,8462100209,2016,GS,101,26.2577
2016-09-30,17:00,8486201901,2016,GS,101,1.79267
2016-09-30,17:00,8489100701,2016,GS,101,7.42585
2016-09-30,17:00,8491201402,2015,GS,101,1.12195
2016-09-30,17:00,8491201402,2016,GS,101,1.59377
2016-09-30,17:00,8491900406,2016,GS,101,3.35275
2016-09-30,17:00,8492241011,2015,GS,101,0.901606
2016-09-30,17:00,8492241011,2016,GS,101,0.0690452
2016-09-30,17:00,8492601308,2016,GS,101,13.8843
2016-09-30,17:00,8497292009,2016,GS,101,48.68
2016-09-30,17:00,8507901300,2016,GS,101,8.45184
2016-09-30,17:00,8511154017,2016,GS,101,13.3326
2016-09-30,17:00,8516100202,2016,GS,101,9.89413
2016-09-30,17:00,8523800808,2016,GS,101,27.5674
2016-09-30,17:00,8526500305,2016,GS,101,1.08653
2016-09-30,17:00,8550500207,2016,GS,101,81.9076
2016-09-30,17:00,8564301003,2015,GS,101,0.987661
2016-09-30,17:00,8564301003,2016,GS,101,0.848844
2016-09-30,17:00,8565801808,2016,GS,101,4.2346
2016-09-30,17:00,8568701607,2016,GS,101,174.657
2016-09-30,17:00,8568805003,2015,HT,151,547.669
2016-09-30,17:00,8568805003,2016,HT,151,558.225
2016-09-30,17:00,8569802015,2016,GS,101,5.13779
2016-09-30,17:00,8570900004,2016,GS,101,1.32149
2016-09-30,17:00,8579101806,2016,GS,101,11.2889
2016-09-30,17:00,8588801908,2016,GS,101,1.44908
2016-09-30,17:00,8599800103,2015,GS,101,10.6585
2016-09-30,17:00,8599800103,2016,GS,101,9.78593
2016-09-30,17:00,8607900906,2016,HT,151,291.697
2016-09-30,17:00,8613201205,2016,GS,101,11.1082
2016-09-30,17:00,8614501406,2015,GS,101,13.4724
2016-09-30,17:00,8614501406,2016,GS,101,12.6566
2016-09-30,17:00,8616500304,2016,GS,101,6.82948
2016-09-30,17:00,8621699025,2016,GS,101,66.0678
2016-09-30,17:00,8635903014,2016,GS,101,23.0724
2016-09-30,17:00,8636600800,2016,GS,101,6.71582
2016-09-30,17:00,8645301304,2016,GS,101,33.8106
2016-09-30,17:00,8657401004,2016,GS,101,16.0482
2016-09-30,17:00,8661000608,2016,GS,101,2.17634
2016-09-30,17:00,8667001604,2016,GS,101,56.4833
2016-09-30,17:00,8668800605,2016,GS,101,0.107678
2016-09-30,17:00,8671800805,2016,GS,101,16.7253
2016-09-30,17:00,8680600103,2016,GS,101,133.735
2016-09-30,17:00,8685800100,2015,GS,101,35.3486
2016-09-30,17:00,8693901406,2016,GS,101,16.1759
2016-09-30,17:00,8694100500,2016,GS,101,27.9792
2016-09-30,17:00,8714041039,2016,GS,101,34.9843
2016-09-30,17:00,8722801404,2015,HT,151,868.141
2016-09-30,17:00,8722801404,2016,HT,151,898.008
2016-09-30,17:00,8743601607,2016,GS,101,33.2164
2016-09-30,17:00,8747901801,2015,HT,151,459.794
2016-09-30,17:00,8747901801,2016,HT,151,482.04
2016-09-30,17:00,8760147026,2015,GS,101,8.32024
2016-09-30,17:00,8760147026,2016,GS,101,7.23029
2016-09-30,17:00,8762519066,2016,GS,101,0.395461
2016-09-30,17:00,8800400207,2015,GS,101,0.142077
2016-09-30,17:00,8801375000,2015,GS,101,1.25722
2016-09-30,17:00,8801375000,2016,GS,101,2.11374
2016-09-30,17:00,8807517002,2015,HT,151,1700.56
2016-09-30,17:00,8807517002,2016,HT,151,990.48
2016-09-30,17:00,8812126004,2016,GS,101,5.03453
2016-09-30,17:00,8816501700,2016,GS,101,2.83641
2016-09-30,17:00,8836800608,2015,HT,151,856.195
2016-09-30,17:00,8836800608,2016,HT,151,911.401
2016-09-30,17:00,8837441011,2016,GS,101,51.8372
2016-09-30,17:00,8837600804,2016,GS,101,8.95875
2016-09-30,17:00,8839001707,2016,GS,101,27.5669
2016-09-30,17:00,8839200608,2016,GS,101,73.9479
2016-09-30,17:00,8842600207,2016,GS,101,81.1569
2016-09-30,17:00,8844600105,2016,PD,157,164.763
2016-09-30,17:00,8851101202,2016,GS,101,0.322864
2016-09-30,17:00,8872000102,2015,GS,101,0.627198
2016-09-30,17:00,8872000102,2016,GS,101,0.459869
2016-09-30,17:00,8882401605,2015,GS,101,474.02
2016-09-30,17:00,8882401605,2016,GS,101,422.403
2016-09-30,17:00,8890822007,2016,GS,101,4.77288
2016-09-30,17:00,8890901603,2016,GS,101,6.02458
2016-09-30,17:00,8908188016,2016,GS,101,21.2153
2016-09-30,17:00,8915500104,2016,GS,101,2.68539
2016-09-30,17:00,8916501708,2016,GS,101,2.25735
2016-09-30,17:00,8916800305,2016,GS,101,32.3249
2016-09-30,17:00,8918200307,2016,GS,101,3.60182
2016-09-30,17:00,8919301009,2016,GS,101,214.089
2016-09-30,17:00,8920800806,2016,GS,101,1.42048
2016-09-30,17:00,8922301708,2016,GS,101,13.1446
2016-09-30,17:00,8924501800,2016,GS,101,34.2308
2016-09-30,17:00,8929400801,2016,GS,101,9.39654
2016-09-30,17:00,8930800805,2016,GS,101,82.7386
2016-09-30,17:00,8931400102,2016,GS,101,13.9147
2016-09-30,17:00,8939500809,2016,GS,101,0.616428
2016-09-30,17:00,8964401004,2016,GS,101,19.8873
2016-09-30,17:00,8971500508,2016,GS,101,0.633241
2016-09-30,17:00,8977101107,2016,GS,101,12.8171
2016-09-30,17:00,8980558001,2016,GS,101,62.1963
2016-09-30,17:00,8980700106,2015,GS,101,33.057
2016-09-30,17:00,8980700106,2016,GS,101,34.3451
2016-09-30,17:00,8989864000,2015,HT,151,1241.49
2016-09-30,17:00,8989864000,2016,HT,151,2442.17
2016-09-30,17:00,8992001900,2016,GS,101,11.87
2016-09-30,17:00,9007100407,2016,GS,101,6.56604
2016-09-30,17:00,9014800709,2015,HT,151,515.931
2016-09-30,17:00,9014800709,2016,HT,151,480.33
2016-09-30,17:00,9048039013,2016,GS,101,11.7681
2016-09-30,17:00,9057100509,2016,HT,151,308.127
2016-09-30,17:00,9076500408,2016,GS,101,15.6785
2016-09-30,17:00,9077301602,2016,GS,101,43.5942
2016-09-30,17:00,9077690011,2016,GS,101,3.24784
2016-09-30,17:00,9110202004,2016,HT,151,249.188
2016-09-30,17:00,9111438048,2015,GS,101,8.60046
2016-09-30,17:00,9111438048,2016,GS,101,6.70629
2016-09-30,17:00,9111886008,2016,GS,101,4.71348
2016-09-30,17:00,9114100303,2016,GS,101,6.83041
2016-09-30,17:00,9121264069,2016,GS,101,24.2679
2016-09-30,17:00,9124000303,2016,GS,101,24.8124
2016-09-30,17:00,9145501801,2015,HT,151,366.34
2016-09-30,17:00,9181100703,2015,GS,101,8.83946
2016-09-30,17:00,9181100703,2016,GS,101,9.00175
2016-09-30,17:00,9187500804,2016,PD,157,119.357
2016-09-30,17:00,9196201601,2015,GS,101,447.163
2016-09-30,17:00,9196201601,2016,GS,101,454.077
2016-09-30,17:00,9198100805,2015,GS,101,544.647
2016-09-30,17:00,9217379004,2016,GS,101,47.1043
2016-09-30,17:00,9227001606,2016,GS,101,0.225037
2016-09-30,17:00,9232474019,2016,GS,101,6.57743
2016-09-30,17:00,9262900801,2016,HT,151,256.798
2016-09-30,17:00,9279300204,2016,GS,101,1.40439
2016-09-30,17:00,9285600404,2016,GS,101,10.1319
2016-09-30,17:00,9287900407,2016,GS,101,248.311
2016-09-30,17:00,9289201702,2016,GS,101,17.8125
2016-09-30,17:00,9315901209,2016,GS,101,5.70461
2016-09-30,17:00,9316200900,2016,GS,101,14.2797
2016-09-30,17:00,9318500609,2016,GS,101,7.85124
2016-09-30,17:00,9321901001,2016,GS,101,7.43233
2016-09-30,17:00,9323800802,2015,HT,151,1444.84
2016-09-30,17:00,9323800802,2016,HT,151,1349.53
2016-09-30,17:00,9343500705,2015,HT,151,317.473
2016-09-30,17:00,9343500705,2016,HT,151,337.535
2016-09-30,17:00,9344100404,2016,GS,101,44.8934
2016-09-30,17:00,9361703012,2016,GS,101,3.18491
2016-09-30,17:00,9372762107,2016,GS,101,7.17962
2016-09-30,17:00,9373401506,2016,GS,101,2.62162
2016-09-30,17:00,9378674044,2016,GS,101,0.346365
2016-09-30,17:00,9385601205,2016,GS,101,179.218
2016-09-30,17:00,9404000906,2016,GS,101,245.272
2016-09-30,17:00,9418601400,2016,GS,101,0.185241
2016-09-30,17:00,9419201901,2016,GS,101,15.5314
2016-09-30,17:00,9420100304,2016,GS,101,6.17501
2016-09-30,17:00,9423800908,2016,GS,101,3.41435
2016-09-30,17:00,9429723098,2016,GS,101,2.56358
2016-09-30,17:00,9432800400,2016,GS,101,0.810333
2016-09-30,17:00,9435600101,2016,GS,101,47.7349
2016-09-30,17:00,9446601009,2016,GS,101,165.619
2016-09-30,17:00,9452100502,2016,GS,101,5.18951
2016-09-30,17:00,9452442008,2016,GS,101,27.0887
2016-09-30,17:00,9455201601,2016,GS,101,6.19745
2016-09-30,17:00,9459700707,2016,GS,101,5.67181
2016-09-30,17:00,9463600602,2016,GS,101,23.294
2016-09-30,17:00,9471900602,2015,GS,101,6.69648
2016-09-30,17:00,9471900602,2016,GS,101,6.50536
2016-09-30,17:00,9478100605,2015,GS,101,10.8574
2016-09-30,17:00,9478100605,2016,GS,101,12.0012
2016-09-30,17:00,9487000108,2016,GS,101,7.54721
2016-09-30,17:00,9487901705,2016,GS,101,2.7992
2016-09-30,17:00,9490201207,2016,GS,101,14.7209
2016-09-30,17:00,9492012002,2015,HT,151,548.5
2016-09-30,17:00,9495300304,2015,GS,101,34.6677
2016-09-30,17:00,9495300304,2016,GS,101,32.9369
2016-09-30,17:00,9496400105,2016,PD,157,120.325
2016-09-30,17:00,9498544012,2016,GS,101,23.0016
2016-09-30,17:00,9500100508,2016,GS,101,0.0428069
2016-09-30,17:00,9500200400,2015,GS,101,7.42301
2016-09-30,17:00,9500200400,2016,GS,101,8.93214
2016-09-30,17:00,9507815017,2016,GS,101,7.42694
2016-09-30,17:00,9540100103,2016,GS,101,3.51435
2016-09-30,17:00,9540400100,2015,GS,101,27.537
2016-09-30,17:00,9540400100,2016,GS,101,27.2419
2016-09-30,17:00,9544101907,2015,GS,101,1.1191
2016-09-30,17:00,9544101907,2016,GS,101,0.907489
2016-09-30,17:00,9544200104,2016,GS,101,276.319
2016-09-30,17:00,9544200408,2015,GS,101,0.917856
2016-09-30,17:00,9544200408,2016,GS,101,0.76819
2016-09-30,17:00,9544293011,2016,GS,101,38.6503
2016-09-30,17:00,9544300103,2015,GS,101,1.6076
2016-09-30,17:00,9544300103,2016,GS,101,0.626186
2016-09-30,17:00,9549100104,2016,GS,101,125.811
2016-09-30,17:00,9555601203,2016,GS,101,90.5057
2016-09-30,17:00,9556800200,2015,HT,151,339.516
2016-09-30,17:00,9557001303,2016,GS,101,0.765439
2016-09-30,17:00,9557201702,2015,HT,151,449.494
2016-09-30,17:00,9557201702,2016,HT,151,366.402
2016-09-30,17:00,9560000200,2016,GS,101,0.314869
2016-09-30,17:00,9569901309,2016,GS,101,15.3184
2016-09-30,17:00,9570942003,2015,GS,101,3.88347
2016-09-30,17:00,9570942003,2016,GS,101,4.2246
2016-09-30,17:00,9576902107,2015,GS,101,10.5433
2016-09-30,17:00,9576902107,2016,GS,101,12.2738
2016-09-30,17:00,9596601305,2016,GS,101,17.5339
2016-09-30,17:00,9599831052,2016,GS,101,22.5049
2016-09-30,17:00,9613900306,2016,GS,101,45.8547
2016-09-30,17:00,9624601403,2016,HT,151,126.749
2016-09-30,17:00,9629202003,2015,HT,151,541.684
2016-09-30,17:00,9629202003,2016,HT,151,501.128
2016-09-30,17:00,9631312027,2016,GS,101,31.1646
2016-09-30,17:00,9643300201,2016,GS,101,75.5765
2016-09-30,17:00,9650601809,2016,GS,101,12.6388
2016-09-30,17:00,9661401808,2016,GS,101,8.74151
2016-09-30,17:00,9670664015,2016,GS,101,55.5339
2016-09-30,17:00,9671337035,2016,GS,101,2.73281
2016-09-30,17:00,9678501801,2016,GS,101,0.940152
2016-09-30,17:00,9683001003,2015,GS,101,13.6636
2016-09-30,17:00,9683001003,2016,GS,101,13.7734
2016-09-30,17:00,9730073005,2016,GS,101,0.110853
2016-09-30,17:00,9734401402,2015,GS,101,52.8829
2016-09-30,17:00,9734401402,2016,GS,101,69.9283
2016-09-30,17:00,9734500206,2016,HT,151,296.13
2016-09-30,17:00,9738800703,2016,GS,101,15.3401
2016-09-30,17:00,9739601702,2016,GS,101,67.6036
2016-09-30,17:00,9742501404,2015,HT,151,520.759
2016-09-30,17:00,9742501404,2016,HT,151,506.384
2016-09-30,17:00,9743101503,2016,GS,101,5.01535
2016-09-30,17:00,9750001705,2016,GS,101,14.314
2016-09-30,17:00,9753203056,2016,GS,101,11.8279
2016-09-30,17:00,9756801615,2015,GS,101,44.4897
2016-09-30,17:00,9763600204,2015,HT,151,787.862
2016-09-30,17:00,9763600204,2016,HT,151,699.944
2016-09-30,17:00,9766475002,2016,GS,101,11.5973
2016-09-30,17:00,9771981008,2016,GS,101,31.0729
2016-09-30,17:00,9773801200,2015,GS,101,24.0892
2016-09-30,17:00,9773801200,2016,GS,101,22.6679
2016-09-30,17:00,9775300808,2016,GS,101,0.253724
2016-09-30,17:00,9787617019,2015,GS,101,9.9429
2016-09-30,17:00,9787617019,2016,GS,101,8.70646
2016-09-30,17:00,9798301603,2016,GS,101,97.703
2016-09-30,17:00,9799100604,2015,GS,101,18.4605
2016-09-30,17:00,9799100604,2016,GS,101,18.8191
2016-09-30,17:00,9803401600,2015,GS,101,17.138
2016-09-30,17:00,9803401600,2016,GS,101,10.8331
2016-09-30,17:00,9807800305,2016,GS,101,19.598
2016-09-30,17:00,9815801708,2016,GS,101,31.9484
2016-09-30,17:00,9833800203,2016,GS,101,1.42773
2016-09-30,17:00,9840900804,2016,GS,101,125.79
2016-09-30,17:00,9845301309,2016,GS,101,125.91
2016-09-30,17:00,9850828008,2016,GS,101,66.1324
2016-09-30,17:00,9853400606,2015,GS,101,0.720607
2016-09-30,17:00,9853400606,2016,GS,101,0.357144
2016-09-30,17:00,9854203007,2016,GS,101,34.6323
2016-09-30,17:00,9858200509,2016,GS,101,201.401
2016-09-30,17:00,9862000905,2015,GS,101,4.82134
2016-09-30,17:00,9862000905,2016,GS,101,6.14841
2016-09-30,17:00,9863401506,2016,GS,101,30.356
2016-09-30,17:00,9867000806,2016,GS,101,211.295
2016-09-30,17:00,9867300705,2016,GS,101,32.6152
2016-09-30,17:00,9880066025,2016,GS,101,5.70616
2016-09-30,17:00,9889401903,2016,GS,101,23.1628
2016-09-30,17:00,9898800901,2016,GS,101,2.72244
2016-09-30,17:00,9902401708,2016,GS,101,55.4619
2016-09-30,17:00,9903544006,2016,GS,101,21.6787
2016-09-30,17:00,9905401408,2016,GS,101,6.67978
2016-09-30,17:00,9911400602,2016,GS,101,28.997
2016-09-30,17:00,9912901203,2015,GS,101,0.594229
2016-09-30,17:00,9912901203,2016,GS,101,0.379491
2016-09-30,17:00,9914975017,2016,GS,101,25.8526
